class,class_name,ndvi_mean,ndvi_max,ndvi_min,ndvi_amplitude,greenness,wetness,brightness,temporal_1,temporal_2,temporal_3,temporal_4,temporal_5,temporal_6,temporal_7,temporal_8,temporal_9,temporal_10,temporal_11,temporal_12
0,Non-Crop,0.2426071459614874,0.25979909127171075,0.10986584841970365,0.1499332428520071,0.11560186404424366,0.06559945203362026,0.31161672243363986,0.24818797180549015,0.2867887285878281,0.2730631325214119,0.28197849914812717,0.27664441398768863,0.2540490964117431,0.19741216611060874,0.24407537822494446,0.22109592281511753,0.16325312012591536,0.18610001094480577,0.19248199294058438
0,Non-Crop,0.1684104976325554,0.26777639420895205,0.06996737821583597,0.19780901599311607,0.15142344384136117,0.10924145688620424,0.30929008254399953,0.14539062608410933,0.19989573492967896,0.19847127307457413,0.21245137196689257,0.20184123672925153,0.23537966852793196,0.17519655354079008,0.12971711766895638,0.14702127110922275,0.1,0.12464155579949357,0.1
0,Non-Crop,0.12772816832882905,0.2954376941646838,0.12751328233611145,0.16792441182857235,0.19394989415641892,0.13948273504276487,0.41957999576221705,0.1075464614715269,0.12003356098830145,0.18527572590589753,0.16684008442577258,0.1462594777228862,0.14003995021308474,0.11217312263819108,0.11287758459690848,0.10153049945769342,0.1,0.1,0.10755110799520418
0,Non-Crop,0.15376985928164089,0.16738035892876946,0.13631034258755936,0.031070016341210094,0.16232981268275581,0.08308980248526492,0.31271167005720474,0.13164315980152033,0.1538170037302376,0.2120939249699197,0.23076940918326005,0.1977945281913183,0.2037641244446792,0.16805858018558695,0.1233283028050574,0.12315764662641275,0.13565408472770543,0.10510712476628493,0.14978571611940142
0,Non-Crop,0.16413115275378243,0.15381286901161428,0.060789142699330445,0.09302372631228384,0.10314291856867343,0.11364104112637803,0.3628711962152653,0.18220180256629928,0.18848243630523556,0.19551637292070714,0.18410482466769842,0.1938108575211081,0.2089289856344048,0.16694392472254327,0.13805461548850698,0.1363199946188821,0.13841837992916814,0.12132727642175109,0.13514439439252626
0,Non-Crop,0.23388384977349666,0.2309013362873476,0.13074401551640624,0.10015732077094136,0.18960912999234933,0.08180034749718638,0.32201038490553535,0.2260416867108535,0.22858482774106442,0.281879804555183,0.28897970454729716,0.27945099024763,0.25911571431119157,0.21263243533548173,0.20793178193370848,0.18918943467756485,0.16896179850580945,0.18271192180701956,0.20668785063126785
0,Non-Crop,0.2054528438342767,0.2045444403568941,0.14717820827209604,0.05736623208479805,0.19624472949421112,0.07517822958253642,0.3994497011784771,0.18400220714556353,0.20957239717642304,0.24957334672566486,0.24667540755351913,0.2377340691268312,0.2354551971281026,0.22206392622594062,0.1827331095550179,0.1561185349166123,0.1481463735442242,0.16430304938485263,0.17002822455686564
0,Non-Crop,0.2008203321108818,0.2642429422993076,0.07376375439923996,0.19047918790006765,0.17282163486118596,0.08677831327192533,0.4264611661187159,0.2125574739868872,0.26860072155729153,0.22308315484866287,0.2393691268490291,0.2482782307539187,0.22067442623375563,0.17686306389255252,0.18465243022252134,0.14173413307096328,0.1614156748403306,0.13448563369304878,0.19654200393271298
0,Non-Crop,0.120628141621899,0.20115995265753878,0.06134735212405891,0.13981260053347988,0.1924693618278563,0.13773393533809808,0.3515883255430311,0.14150535384027216,0.15512838177880306,0.18997942135063595,0.22128614527748836,0.1596031938066052,0.1464344144851867,0.1,0.1269035253596908,0.10877595314179234,0.1,0.1,0.10969254128298161
0,Non-Crop,0.12424430711419207,0.2847831282790619,0.110642905965959,0.1741402223131029,0.10091970516166297,0.060147154286603215,0.43270035382161115,0.1615597973370872,0.15769224246263797,0.14249178641053392,0.18725012861707138,0.15021554505092974,0.16990960639423894,0.15447221909733352,0.1,0.1056717049336821,0.1,0.1,0.12690315048875142
0,Non-Crop,0.15515737045891503,0.1897803551522588,0.07439896433790835,0.11538139081435045,0.19730105547524457,0.08930977246667604,0.47840931103542267,0.1793450098726477,0.18988784746296508,0.2519193628805447,0.2069074283921567,0.17249413645656814,0.18439038454221668,0.14295305834058586,0.1571618090906955,0.11815684698291908,0.10353542823370386,0.10472850894812491,0.13468717053935023
0,Non-Crop,0.24454299656338793,0.277951418320104,0.07944488920695857,0.19850652911314542,0.13850977286019253,0.13511366715168568,0.3633844010312555,0.24882487144599202,0.2435994979193583,0.2900801643208064,0.3021240934881674,0.2723307191806494,0.27754110588749636,0.2527631713353013,0.20414442922229448,0.21385861900495717,0.20688218120749777,0.21825780769373657,0.23034202132556642
0,Non-Crop,0.14403877663967402,0.271404173321777,0.13101133946791807,0.14039283385385895,0.1867072318580104,0.14132405525564712,0.40226847977218755,0.17278590320634457,0.16815618102469682,0.21272995243951057,0.21367757817995897,0.1941495711444862,0.17748600228591827,0.12804346960946708,0.1,0.10949910783646437,0.1,0.1,0.1
0,Non-Crop,0.14298118781924266,0.23862498908535162,0.053050024993904946,0.1855749640914467,0.10373481887492145,0.1322600560659658,0.3720381282822526,0.1442667882011519,0.1453975691908667,0.17074866287443813,0.20644789212813888,0.173838726526184,0.17723396681607997,0.1509486250203123,0.11241001948264531,0.14801994484035275,0.10678306238234804,0.1,0.11143325783611162
0,Non-Crop,0.14062483768931114,0.2158457131058454,0.0578456381342266,0.1580000749716188,0.10253507434154575,0.1462648414677925,0.46719602410244115,0.12518845613417603,0.19782214923168437,0.1760134451066986,0.18414264888930218,0.19244504967933762,0.1383038987510185,0.16658847189405585,0.14841381341228763,0.1103306382331229,0.12477535153564609,0.1,0.14222213736582848
0,Non-Crop,0.15339590179768925,0.26367691656965536,0.05143934886297559,0.21223756770667979,0.11160726405069163,0.05460026420217528,0.308145760463794,0.16227229036061383,0.19285985979648612,0.17693084160652242,0.20208014400665597,0.13403542633759186,0.16283175617620127,0.1554005391728194,0.11090107677391126,0.14820400311092555,0.1,0.1,0.12073369706489148
0,Non-Crop,0.19387898735713546,0.22547043878701314,0.13564898411883222,0.08982145466818092,0.1658693631618945,0.06629344270814297,0.31411374948008597,0.18982983684050445,0.2190681964296888,0.24889579053327118,0.24627563324381876,0.2013963190486464,0.24941340979588256,0.18863231420470222,0.2185661788049795,0.16977583284705847,0.14642192978667554,0.15471931642604725,0.1564320133073456
0,Non-Crop,0.12936867021839446,0.16040419513127482,0.060077800137742665,0.10032639499353216,0.10182218256515498,0.059444296075592845,0.4366013546832713,0.12520622521124897,0.14347992845542795,0.15965492431990505,0.1962354614890177,0.1819738512789795,0.1454340855183792,0.15441666813005284,0.11797549925144565,0.10778578782977724,0.1,0.1,0.1
0,Non-Crop,0.22102521089008959,0.298575771300101,0.09126176769114265,0.20731400360895835,0.13720180857927833,0.12764129607419966,0.3681607080506036,0.2520824064068761,0.2362061303108142,0.25494045307505847,0.2761324213397416,0.26673301241283814,0.269567499774769,0.21761744942134076,0.22246890926122856,0.17840059016729806,0.18922819922819187,0.1676581879111618,0.17348630095340245
0,Non-Crop,0.2425910720406334,0.23601568321849292,0.11318372121697992,0.122831962001513,0.144844552197832,0.07932107716980645,0.3657329090739832,0.26575328951063476,0.2823956028501023,0.2971470176220713,0.3050327315561217,0.2878110079249792,0.2545695918161146,0.2511631636075013,0.21150867642591017,0.224253341943592,0.1907734185273358,0.17813491437162624,0.20088633892905394
0,Non-Crop,0.21422659475762085,0.24273270949743914,0.06011226761227903,0.1826204418851601,0.10841068061149975,0.12009691314591199,0.3145526012728387,0.2254087788099114,0.2556487035164406,0.2793872307661942,0.25455370947631717,0.24640691723281646,0.2713524292877821,0.18054107646117143,0.2280880789839933,0.17033998515069826,0.16525883229456007,0.15263352900206084,0.177985668768385
0,Non-Crop,0.11762893701656574,0.24738154531740952,0.12460448792654233,0.1227770573908672,0.15833687650971598,0.14621725484745418,0.37497411590474083,0.13143181685078797,0.13357580450905915,0.16418433589316891,0.16775553436240437,0.16504733032882646,0.13209234854465424,0.12517514090473797,0.11004974145699373,0.10881168440707016,0.1,0.11274637243363994,0.1
0,Non-Crop,0.23517370157364834,0.15681695705121868,0.07809631895922303,0.07872063809199564,0.19504114840765588,0.13902637838909163,0.3911313505571426,0.2061167123922011,0.27482510672214183,0.2740927716489611,0.2579472917934924,0.301290580995292,0.22889468227892587,0.20397557163535732,0.2248840693652734,0.20876052701478767,0.2057076720906577,0.20206674817108072,0.22942985780372133
0,Non-Crop,0.23990927250310198,0.2799095834250612,0.054521867010618945,0.22538771641444227,0.1026366974497252,0.08764633668780496,0.4621106661563666,0.20564658192128443,0.2909579969166204,0.27969202483844446,0.3145403480727739,0.25348559066849874,0.25784537924922435,0.247070146900459,0.22330972299391583,0.1930678383081207,0.2034897652667971,0.17061065018229318,0.20178466652415653
0,Non-Crop,0.190926195167632,0.1842964208255194,0.11717006844058567,0.06712635238493372,0.1618128240457896,0.08581627180328405,0.3227115184399258,0.19577286888929427,0.25584545052044694,0.23529697377230477,0.27182620159249415,0.2397905245670623,0.24391470610139895,0.21851379250166694,0.17670879643331402,0.1326784054569925,0.13666780052579816,0.17276088491216468,0.1732056822587147
0,Non-Crop,0.12045572133801546,0.1521816998501823,0.0850587558806597,0.06712294396952259,0.15899176868546333,0.08922440450997324,0.38749498440474583,0.11506758464912431,0.15877784338414486,0.19257641162033085,0.1718123662766137,0.19849290359072538,0.12277729937891546,0.1,0.10180560597560209,0.1,0.1,0.1,0.1
0,Non-Crop,0.13602184281672897,0.16137949921629957,0.06288797219106493,0.09849152702523464,0.11280458389577724,0.06519026935122943,0.327765434529882,0.11399680471978672,0.16974658524540498,0.19304275268935983,0.18008274598631083,0.2225885663304425,0.1595582498712536,0.13414417380590898,0.10896925447287592,0.1,0.1,0.1,0.1
0,Non-Crop,0.17551259062822855,0.2535592242944048,0.053931213984109896,0.19962801031029492,0.17994103989090426,0.11279003894909077,0.3163518063897744,0.17326602963441196,0.19506447556777423,0.22986947386949189,0.24053749415937736,0.21036743901730207,0.19391983302053278,0.17706755708818903,0.11193500594903585,0.10736864461886109,0.1539735700938642,0.16046573116509727,0.13525485355858138
0,Non-Crop,0.1378655416516031,0.25700243788268284,0.13952068376871993,0.11748175411396292,0.15116774421156662,0.10321134852653156,0.3214344022679552,0.16834128985547928,0.11270187744454367,0.16372897395241356,0.1696494533060644,0.17959231054167904,0.16683333130933017,0.12369628939566467,0.1072389133448618,0.1,0.1,0.1,0.12079980782050513
0,Non-Crop,0.21837568579110073,0.22476632983935857,0.05869202880874237,0.1660743010306162,0.15371065418185478,0.10868411180208791,0.44908789483686595,0.19763076270457158,0.2385401891596387,0.24293686996380037,0.2405944405020167,0.28236410808301765,0.28648762580570114,0.19746033471771127,0.21209590914043114,0.16752270964326776,0.15975667223255197,0.1585815935731664,0.1658188541189848
0,Non-Crop,0.23451481369396376,0.16203506184924632,0.10245113895702546,0.059583922892220864,0.14103968269896616,0.14823786169086062,0.32240778043361046,0.24231987907362662,0.25678791397425726,0.2813348506295535,0.28986111108693907,0.26549964910316187,0.2537868148547535,0.2521371462895647,0.22112572201266548,0.23754109872221346,0.21803055091945514,0.2052288427685738,0.18400309910088777
0,Non-Crop,0.14855188546063655,0.21381546579246252,0.10076103786844551,0.11305442792401701,0.12424097324150803,0.06148368247392036,0.42212400848832654,0.16132373463618402,0.13929276114546751,0.18930383872808504,0.17420631079559012,0.18098003464587747,0.17942346609216264,0.13839961855795088,0.12332161319155904,0.13083761687952894,0.1,0.11731951396878246,0.1
0,Non-Crop,0.18934581109117665,0.22073642828252377,0.09118409141472686,0.1295523368677969,0.13488682665429955,0.14295291442478258,0.4661238815575458,0.19274039677898414,0.2151049664042998,0.24118024191914647,0.2708232423228834,0.23241366404514874,0.22154400750063408,0.18451149043968504,0.18357322007590848,0.14513611611277344,0.13408816478659494,0.15226926041729527,0.17476721335426904
0,Non-Crop,0.1538245726185254,0.2815800811219662,0.08924451074226354,0.19233557037970267,0.18165994394715773,0.09391349085702183,0.37538888588498154,0.11640873419800828,0.17076557986790936,0.19626648944271124,0.23722806819423375,0.20582799143509273,0.17936616924754592,0.17746868464518856,0.1,0.12069673901530029,0.12036537061300988,0.1,0.14142263720414439
0,Non-Crop,0.2191037783905444,0.24301091338927702,0.10334610919763215,0.13966480419164487,0.1893892583050958,0.12885972112245309,0.3303349759465502,0.197275969644675,0.22673502653553668,0.29137275388013173,0.2770192173216856,0.2576181150563694,0.2656101592874476,0.25189927807052964,0.1926718658411506,0.17271549477615847,0.15917435704034943,0.1904345710316947,0.20329791106242728
0,Non-Crop,0.20409226667006503,0.23140866650213943,0.07517990589069527,0.15622876061144414,0.13456959935039195,0.06815977168014256,0.48169011226672565,0.16851786169197946,0.2579844298300588,0.259253129037541,0.2528553225820586,0.2551565105377455,0.21150609292929531,0.2600633066653949,0.1891375289250886,0.16844003779676647,0.16973109326478403,0.16576623757164236,0.17329293087712805
0,Non-Crop,0.12288085643713921,0.23644325402502198,0.1106715046382856,0.12577174938673638,0.1424130671302386,0.12364442356247228,0.486873402953803,0.12107630315601502,0.16247359871967842,0.21572822771228378,0.18323465910949782,0.15658399125213224,0.15013644648450616,0.15135678618423767,0.1,0.10208566145234815,0.1,0.1,0.10016664042823299
0,Non-Crop,0.21062518721646226,0.21783269113347106,0.0724604822939982,0.14537220883947288,0.14524395161326936,0.06408570203797999,0.3352773973012447,0.15668745435763082,0.23351056681631616,0.24808004585268353,0.27442406384293333,0.29306918045665326,0.2630800950126152,0.21230341380835901,0.17095550765714784,0.22425225851606306,0.16293305001349717,0.16295755932156428,0.1748656691957426
0,Non-Crop,0.23470814341610707,0.18077094607230107,0.06906877206636666,0.11170217400593441,0.1036549667848095,0.09720669451099992,0.4129682266525233,0.2624797887969128,0.2054923932053298,0.23521415955812303,0.25977009119255834,0.25662244745189244,0.2687057865840819,0.2475609891024698,0.2120725566641788,0.19387045931546143,0.19638693275148544,0.20342640723536498,0.1729003468153923
0,Non-Crop,0.10380795334905174,0.17342288960492855,0.12159722288473974,0.051825666720188804,0.16589239419101515,0.05270959925034835,0.3443944323865899,0.11824139462991644,0.1051981948549173,0.1353910972638511,0.16347019390381282,0.1248302685124969,0.1479915291576973,0.1060574457888824,0.1,0.1,0.1,0.1,0.1
0,Non-Crop,0.13074764431237315,0.19397215953915198,0.13963358185211197,0.05433857768704001,0.10130019235107361,0.05855085308544681,0.34157725102920544,0.1,0.19001265992783767,0.14799116893378553,0.16429628546147895,0.20252784581930044,0.12560911057880667,0.15293067610111416,0.1,0.11784141427756847,0.1,0.1,0.1
0,Non-Crop,0.21454086912396414,0.17101697636496788,0.1368467975897913,0.034170178775176585,0.14874311982495136,0.13945522268940913,0.459971051189463,0.20726862487968703,0.23737323357975293,0.26277045374220015,0.2302122506010343,0.23304203202313395,0.25932975820961623,0.22501417828951634,0.19332204101242956,0.17706942301987558,0.17261599734794272,0.15579946178461998,0.1636977583373983
0,Non-Crop,0.23714482098407486,0.16766266243352115,0.10765164755142535,0.0600110148820958,0.1274055220687206,0.10541780025157935,0.4302840776703728,0.22776186658017616,0.2716548461669208,0.3116290391277873,0.31842946301950037,0.26253453449409153,0.27727435598091915,0.24103879158566424,0.2357375245578676,0.20697697529501385,0.14087388691113106,0.18223834552498114,0.2058389719634811
0,Non-Crop,0.13680236645219815,0.20839434210629648,0.07886937367706999,0.1295249684292265,0.13556727164649493,0.12190459051842455,0.359424343124635,0.1178143886755593,0.2134212846791561,0.18874227371021077,0.19037383825629836,0.16510008218985797,0.1807321712455758,0.13234561033043604,0.12170340136062438,0.15016393245217763,0.1,0.11184161924475475,0.1
0,Non-Crop,0.11127066726037133,0.2592283134305405,0.09954913162061985,0.15967918180992063,0.16884023964277362,0.09348273386037462,0.34928040664782134,0.12126541966261353,0.1458938463779925,0.13158859779553092,0.17973506673746945,0.1214782000242346,0.16407697851789751,0.1,0.1,0.1,0.1,0.1,0.1
0,Non-Crop,0.20384148467767788,0.2773793477347979,0.07496680088591859,0.2024125468488793,0.14894249636431406,0.07212094418196022,0.4975336015993294,0.21243384906032958,0.23196651535115023,0.25134661066198016,0.22818126249147438,0.2276852252107967,0.25482814894953376,0.21010638200353815,0.19993233724064935,0.16656772743489068,0.15556010158433795,0.1746609470640409,0.1582435738348108
0,Non-Crop,0.18944048177230796,0.18450132559315546,0.062056688577727885,0.12244463701542757,0.10769532016292092,0.11962887758781397,0.36797499275361323,0.18421993670737205,0.2161114531189119,0.23976543894558525,0.20072153917622754,0.22189365628245492,0.24023500716323687,0.2138517826587191,0.17756196449573128,0.12461108557840107,0.1522740451062247,0.15576225984325998,0.15510380975626328
0,Non-Crop,0.24969011658000062,0.2026067723177565,0.1267188288931127,0.0758879434246438,0.14019309136092423,0.09798756203039088,0.425501092643674,0.2407800661519852,0.3027290830525648,0.3233551087350097,0.289107665367138,0.28675125157936754,0.2739780316079883,0.22985710676230844,0.21377791626583564,0.19176717647956285,0.18545765939466322,0.20105020509910806,0.21909739495221145
0,Non-Crop,0.20194709240396047,0.18273808317975962,0.14499611839502252,0.0377419647847371,0.1786345014415552,0.05894110023122595,0.38351615515698567,0.2481415475120842,0.2126404310632373,0.26736269993202805,0.2842440128899175,0.21601275699209768,0.23334995889062965,0.19865241978878936,0.17242944308829275,0.17521450397470223,0.14061317659223996,0.14408149774427412,0.16330777821293502
0,Non-Crop,0.23256788274451384,0.2891628424792819,0.14949078226464352,0.1396720602146384,0.11738952492194873,0.08962420189026588,0.45164769514081826,0.21592077128242926,0.2659674708024521,0.2635969710992892,0.29510126842982676,0.28209121450282393,0.23217660764976703,0.27057398717410847,0.25094627482194326,0.1824719841694297,0.17593734566253932,0.19033897682585502,0.20398000226573476
0,Non-Crop,0.1826286055913709,0.1630480139867115,0.09084532130706988,0.07220269267964163,0.1372688517012314,0.07597537837603262,0.444684022737717,0.16581042963041379,0.20643432103058004,0.23859737544869652,0.21128681900489168,0.15847730035745328,0.1951477479536985,0.213797167553421,0.17195214522722738,0.17126597690171874,0.11111577686546213,0.10189446650493283,0.1566025603658021
0,Non-Crop,0.21961390324103922,0.2487677751987638,0.13505817290942418,0.11370960228933963,0.18672942009598026,0.12083629767150347,0.4674026656727344,0.2409473970328223,0.26697109198016283,0.2893306323021846,0.2824628503230348,0.2617364129759862,0.2524717841749035,0.2508000829741997,0.1857360284368135,0.18914724465310082,0.16287062111123715,0.17224258596657865,0.20990592421466558
0,Non-Crop,0.14305571997623692,0.24253903775636132,0.14811861780274233,0.094420419953619,0.16318135270166684,0.07598035810641598,0.42680114061992225,0.17295839488658515,0.17129960539501726,0.19046088015053048,0.18490287415979512,0.1992810384134579,0.17393840818709685,0.1742913592613596,0.1,0.10872651180865067,0.1023494610605306,0.1,0.1
0,Non-Crop,0.11010259022031577,0.23732556902644097,0.08458830569529567,0.1527372633311453,0.16209155177674772,0.05457420338125129,0.47430736123047523,0.1,0.14161810465181632,0.1834866200453974,0.15866233432905874,0.14446347102773588,0.17764933881432537,0.1,0.1,0.1,0.1,0.1,0.1
0,Non-Crop,0.20207489531120698,0.24817668214217026,0.07732595269982093,0.17085072944234933,0.19508635622504106,0.06510578917809003,0.3864669602085204,0.1997830893050476,0.23871152228748865,0.21960324893318467,0.28515238371037455,0.2654975374276979,0.22786715914777822,0.19491345710597552,0.17115331230447312,0.16571889482181368,0.14861033737334509,0.17313873668370255,0.15993836246663481
0,Non-Crop,0.24522901418720827,0.17782882735546818,0.13686231679556107,0.040966510559907104,0.1776596852791742,0.12709218446440518,0.4689566456233775,0.25808346938455917,0.2957833417200671,0.29123298682163246,0.3092838386691812,0.2888991716427478,0.3039549657013956,0.23875716854901624,0.26370866146094357,0.206585730408925,0.16773700626159246,0.1998448887522671,0.19633096475919107
0,Non-Crop,0.21963386509557822,0.19655429383853606,0.09552201490818012,0.10103227893035595,0.10116205399081007,0.05724468877945589,0.37849871128133694,0.2690794543410314,0.23368781846564268,0.28217784478528624,0.24763603550451305,0.27254136425872555,0.25913491557941276,0.226206325956609,0.19067460931830577,0.17652730227790253,0.16269156917286098,0.21972817699913044,0.18390478702816224
0,Non-Crop,0.18394730252303712,0.15146562711287753,0.08264613082439919,0.06881949628847835,0.15177116433847115,0.05878664991448334,0.37012538624183616,0.1639149023251388,0.20229657359552816,0.2619745823004224,0.24663890907858005,0.21798859406866528,0.2253225653553581,0.21899041165775052,0.1849008147968115,0.1472997851560442,0.12213206108567079,0.149965555062152,0.1565399939529525
0,Non-Crop,0.22025921246046876,0.2009175288814209,0.13148251137465122,0.06943501750676967,0.10801148463846752,0.13948166560605274,0.40951847523074725,0.21630014992910215,0.2705760539253026,0.2703596342413594,0.3137841022742133,0.25833365146530823,0.25427380758748147,0.20668368792605896,0.19213408632506335,0.19479281865203046,0.1939691953280039,0.23161320576172625,0.18304961804948475
0,Non-Crop,0.13426821119969481,0.2994500874085113,0.1474793162146783,0.151970771193833,0.16503256863469368,0.06995424509291451,0.43604564848625826,0.1291206804512279,0.12486780665235317,0.18432622289219522,0.19708687932395236,0.17006935329499143,0.19567155367069328,0.11680889834264135,0.1,0.10091712280549783,0.10633367136868306,0.12000055129569526,0.1
0,Non-Crop,0.23101348571224908,0.28510527960168874,0.09217209268734554,0.1929331869143432,0.12768277972350517,0.10923503285933622,0.4824726691233382,0.24167068356851826,0.22990859796659407,0.3006231048102225,0.29642855695759757,0.28451086716336266,0.24722488729581077,0.24454548866736137,0.20764452474789827,0.16016353674609743,0.18112852279456448,0.17993266401464164,0.2169844996312319
0,Non-Crop,0.15388500540996486,0.2389426277152391,0.06635238725850227,0.17259024045673682,0.1391081536651761,0.14694123223352873,0.3516266865402255,0.12799137589554674,0.20107281808774538,0.18660453062412186,0.2106898323747819,0.19841146517366526,0.1933494291596251,0.16247744363416333,0.11068599954171246,0.13597021703351125,0.1,0.1,0.11004568591212702
0,Non-Crop,0.20601658253281688,0.17505628618514246,0.06676192162883177,0.1082943645563107,0.10366714269335431,0.12364020150656405,0.432760905524361,0.23030676823892385,0.22819740725806892,0.25534324421823507,0.28186610194189554,0.245415284635382,0.24353471347681718,0.2065349673422172,0.17745845885902733,0.16914416013313652,0.14338920762277022,0.155452049344265,0.15004046896365464
0,Non-Crop,0.14742341574651258,0.22608522130325887,0.05415728590503921,0.17192793539821966,0.11483432009620889,0.1486630122958847,0.4930237392872091,0.1657499692405622,0.17832446219468256,0.20945716718410046,0.13937305751284151,0.2346557811834112,0.17455523038860693,0.17664307248425629,0.10908613581952095,0.12183876908236756,0.1,0.1,0.15042702654532872
0,Non-Crop,0.1265724684171079,0.25389389283392466,0.13381152896481102,0.12008236386911364,0.19446142194740235,0.11832480282896458,0.39943495280168545,0.14583177899939048,0.15669616045633908,0.1596676011053068,0.1777971884648108,0.17598865956183962,0.16548064432070062,0.11209525865654796,0.1224014662514742,0.1,0.1103184795794905,0.1,0.1
0,Non-Crop,0.24991205886559997,0.1572318058290834,0.1477174184221317,0.00951438740695168,0.14069079607228707,0.13707534503372593,0.4564770968116547,0.28218628424677294,0.28295402182608975,0.28710247540018186,0.3190685515615699,0.31916633998537686,0.25528350976805797,0.2689160606655905,0.24639635232733695,0.20612066403300372,0.22854968924857752,0.1989647333917925,0.21714657165651122
0,Non-Crop,0.10086379907471824,0.19868787448504055,0.08664615348713979,0.11204172099790076,0.13961726916092554,0.11954672066898621,0.3777116202540691,0.1,0.11876435629338443,0.1170744418421899,0.13871906914485374,0.14972254626304274,0.1167850888158159,0.12971309677804083,0.11400420010722857,0.1,0.1,0.1,0.1
0,Non-Crop,0.10384630987096535,0.20118717414392345,0.0880195618785857,0.11316761226533775,0.13988227808969006,0.10801723692273323,0.4067205093453757,0.1315317662411757,0.1390957692022227,0.1578149459446659,0.17078937037677422,0.16448975300798477,0.1393937455555507,0.11298633235299624,0.1,0.1,0.1,0.1,0.1
0,Non-Crop,0.14609349473894298,0.2704538846748995,0.10391612766752545,0.16653775700737405,0.13113076991560038,0.11103337833109184,0.4432301348446387,0.13402702343450873,0.13832853735725134,0.1854816819121876,0.1927837665072115,0.17217437387395176,0.18703784798899156,0.1900820251585458,0.13299998770362767,0.11146289411352348,0.1,0.12609557506699348,0.10931359512422305
0,Non-Crop,0.10651187992822288,0.24497270633910334,0.1451403342206657,0.09983237211843765,0.16016118201463314,0.13191888594267903,0.47684129266968156,0.1,0.11722513850741408,0.12053332373262385,0.1913781641221644,0.12709948656168127,0.12257738317750257,0.1,0.10687120608263072,0.1,0.1,0.1,0.1
0,Non-Crop,0.16776515181058438,0.2379912694763211,0.06680142077448634,0.17118984870183476,0.17368737449441823,0.13627970775432285,0.34334796001815515,0.19225684056310724,0.22420435998677543,0.1790997418504528,0.22299492562807635,0.24241989521953888,0.16398254024054337,0.1811088220946747,0.1501843144776997,0.13821586333278374,0.10344256542080002,0.1,0.1
0,Non-Crop,0.20386542269865543,0.29868839905532824,0.06283942894541253,0.2358489701099157,0.11041096493841664,0.12243388171287412,0.4156773834012818,0.1962828678789057,0.22376509242681833,0.23430535366007738,0.23344503741500078,0.23634474313861936,0.20931022456860812,0.21160309246683331,0.1709267966930016,0.17070101616907396,0.12387100389132805,0.16253681360978764,0.18525898565231433
0,Non-Crop,0.14865006296730635,0.19995028695872968,0.11694869551981901,0.08300159143891067,0.19941393612211677,0.11618391898493786,0.411556683474005,0.1434400917285319,0.20715801674189172,0.19265228658357098,0.18490706665672743,0.17430108653583637,0.1911619418702399,0.1374068820146458,0.1327364384381659,0.1424792387095918,0.1,0.1269840387270274,0.1
0,Non-Crop,0.2390766729219179,0.185196312278318,0.08993159158093081,0.0952647206973872,0.11524160133304175,0.14924835021583752,0.4854001935848591,0.26333862692150156,0.26588228812492615,0.3275368129619466,0.29681777904000806,0.2883825265930026,0.2628179508430657,0.2488034914205569,0.21848811480982602,0.21539872169029328,0.20933421337455474,0.175410669978602,0.17717499757224275
0,Non-Crop,0.2405436734546594,0.23307033610685643,0.08055243106580236,0.15251790504105406,0.13969815170742836,0.09472025405048357,0.42011886667212345,0.2572701479145704,0.26514028792984307,0.2876433355111818,0.29038741266814405,0.278311707157001,0.2797467263183264,0.23882792973250686,0.2463305670149142,0.21407236881438607,0.20365904983703445,0.1824549985203707,0.20053956243435989
0,Non-Crop,0.1260286772479763,0.25424266333536927,0.08460997265377855,0.1696326906815907,0.1975610200859915,0.1140972077345332,0.4644961127268722,0.12552813807307342,0.1663552801621922,0.19590637746871742,0.18705963270521628,0.17170060098612802,0.12971555980617094,0.11178240438946223,0.10238502177640196,0.1,0.1,0.1,0.10134551605659134
0,Non-Crop,0.1648746817495198,0.19677241996278894,0.10061418628402441,0.09615823367876453,0.143951168863291,0.06056646842617439,0.42816526293804125,0.17567693598318235,0.1631959862572995,0.18761789047121477,0.22309324036737382,0.196566217991545,0.19354514983066873,0.16065770160398632,0.13911689723905513,0.11969007266502353,0.1018630407219014,0.12297746230356536,0.11703909573592122
0,Non-Crop,0.17641331922246845,0.2995045280779465,0.13139702695060188,0.1681075011273446,0.1615219438231011,0.08062536207866117,0.4247791672583277,0.12533489652442936,0.21907099437746408,0.19114929449455487,0.2217927605148175,0.19847593004256533,0.17029731767606587,0.19429857418955757,0.17405726104404037,0.12704298644253764,0.1,0.11754221652426185,0.14897238305199978
0,Non-Crop,0.13228028080258564,0.15181811619658397,0.07412014575995415,0.07769797043662982,0.19758737549100538,0.13015371118829894,0.4919153288642067,0.11239815614174178,0.1556327777896833,0.13515066987710384,0.2233662024651094,0.153883953045665,0.16140211775465238,0.1627006356419163,0.1,0.1,0.1,0.1,0.1
0,Non-Crop,0.23381270334103516,0.29330020297558923,0.1286903386255295,0.16460986435005973,0.13154068957480128,0.11881347060865421,0.3875206248110784,0.24737122076782053,0.24802575210833128,0.31903241684674005,0.27157315421117106,0.2941194821225054,0.26972216215436284,0.26690352953200447,0.24750376589109122,0.19661266155695406,0.16986784005085664,0.19506593246666054,0.18498137966747344
0,Non-Crop,0.202034166881253,0.15625093509035765,0.058479201604580325,0.09777173348577732,0.17163233880626821,0.05720843359986734,0.31425134555305173,0.18598431221702005,0.2519816703084042,0.22448936726244187,0.22535055477771027,0.2611043458084467,0.255114070926931,0.2000619741322336,0.17577393574377442,0.16984491263799245,0.1390006074631345,0.13845370273585672,0.1843490023624607
0,Non-Crop,0.1123257501214641,0.29517900522675455,0.07954447774774202,0.21563452747901252,0.17692231478381337,0.11246635688542637,0.3763879279305792,0.10587215334462138,0.13128036672257332,0.18096318219884008,0.17332509963968,0.16690837690438035,0.18554940422468363,0.10651138591685459,0.11334339129860786,0.1,0.1,0.1,0.1
0,Non-Crop,0.1984717910997254,0.16921436195493,0.08382675059944984,0.08538761135548016,0.19280836403260498,0.0724615611843852,0.37443340476750264,0.16371719599869955,0.1834853977635123,0.2521341917974655,0.25130052693446364,0.23426043981018754,0.22176627235043045,0.20973720233332846,0.17764136829507252,0.13382060273425242,0.16785528962195656,0.15660810077996465,0.1685127444174828
0,Non-Crop,0.23783898004593318,0.18783615302600423,0.12550419287462783,0.0623319601513764,0.146053949727414,0.13419985528900613,0.4456981354323226,0.2510966054192814,0.28527973412584984,0.28353296046040216,0.261777090417019,0.2912976104222701,0.2547354493752944,0.23432264681393142,0.23202709903655405,0.22476451670920947,0.18938790569739958,0.1960694265647555,0.23660626266011836
0,Non-Crop,0.176254082037442,0.19463226769782307,0.1065021992859016,0.08813006841192148,0.16888853020500907,0.13733229158608076,0.4272582707958496,0.16380651813762595,0.20978715890020128,0.21331827049799862,0.22573636165143524,0.23828804369262824,0.1876434271927962,0.20906973191647413,0.15025868143125012,0.14362721393505373,0.1,0.1427046141217129,0.16990714447785396
0,Non-Crop,0.15330768530286093,0.26756876767280957,0.10542265141320166,0.1621461162596079,0.10052296135429128,0.1260990760028094,0.3070622709880478,0.13760971904121613,0.19024457090994826,0.19296227157110013,0.2115730835112042,0.181022713088103,0.17448212650159053,0.17481131286240972,0.1283118608765446,0.15000683756213262,0.1,0.10985516608474172,0.13668248566180313
0,Non-Crop,0.16189327612729357,0.254342721974521,0.05032182636042787,0.20402089561409315,0.16195893374598408,0.08554930104413574,0.45883946625541683,0.16551560633151477,0.16914931035708552,0.2482518558369339,0.20584768091089833,0.2098871279250469,0.17805813558321484,0.20617558847501483,0.18208640766460077,0.15667173498715598,0.13214557721099116,0.10145127145545559,0.14317326176802234
0,Non-Crop,0.17473835233951807,0.16155874187014968,0.05585509292439792,0.10570364894575177,0.1334238318696061,0.12848969771114677,0.44153618694818314,0.17650649006535502,0.22826023089083344,0.1939781192972428,0.22073991248412642,0.20586677726874605,0.1673312272032547,0.18014073902565744,0.1547642407873714,0.16716722243896426,0.13847808014735877,0.10630840211977703,0.17654318738768224
0,Non-Crop,0.2178477427120348,0.1677504286385081,0.09099048896962883,0.07675993966887926,0.18398022856356172,0.0883832951933044,0.4143744542454373,0.19278077884959707,0.24879190652892935,0.23170480199067212,0.24423308150690318,0.25275707676840015,0.26320012975554913,0.1869844462888824,0.20371454857080168,0.2006668968896945,0.1650723326602008,0.1625249243870271,0.19060615208468668
0,Non-Crop,0.1687280330106839,0.22244533081280327,0.06334799724159437,0.1590973335712089,0.10806015137571247,0.12279393069737651,0.39929223047105994,0.20195321730164129,0.1835573848091686,0.19875734104384313,0.22797826746238709,0.19422519556820214,0.20468747821227104,0.19110563898137106,0.17572753610388905,0.12888482671568843,0.11577805212388974,0.10322216754239574,0.11691340965136711
0,Non-Crop,0.13743192997742593,0.19079245891929464,0.12593982624179637,0.06485263267749827,0.144973984245054,0.12767105569551812,0.313073231512877,0.12691036933318675,0.1611228161424843,0.18153836497161097,0.16468615147778978,0.1476401516418561,0.14682272248790912,0.14942947793654535,0.12163938975125312,0.11363993659505081,0.1,0.1,0.1
0,Non-Crop,0.20962314474710947,0.29719456357458696,0.07565300624442478,0.22154155733016218,0.16541746014740744,0.06980976327597402,0.41306605091432197,0.21895174439578,0.23288159203136993,0.21939405766939407,0.2827926811664556,0.24039618455243256,0.22334170321201968,0.2206905290947217,0.21505673035120276,0.1514665836021451,0.16198023586081406,0.17025326102056398,0.18820824061385277
0,Non-Crop,0.2061752645844653,0.2315307326013969,0.05817253457467783,0.17335819802671906,0.14583006415286565,0.09846962871300469,0.33315490803265513,0.19720766020338765,0.2703467273006755,0.28364606223839944,0.23536255735619607,0.23742493385476585,0.23757427394740085,0.24117579343863393,0.18977636592740532,0.15539032705930797,0.15612112250315596,0.14565935357338747,0.18294779249473536
0,Non-Crop,0.12470595301484438,0.19953225973072464,0.1256751505688635,0.07385710916186114,0.15193858595039375,0.07048812741507125,0.4755660156304082,0.1188697276365335,0.11741341377112138,0.1844416977981824,0.17302395840479107,0.16656122608431595,0.21849171157693942,0.13773701158515148,0.1,0.1,0.1,0.1,0.1
0,Non-Crop,0.2189281628550759,0.2366390048821736,0.11345824175503037,0.12318076312714323,0.17979141596158943,0.08959704726624548,0.4830180136814086,0.19454587062869158,0.24525386413290426,0.2806531813680263,0.2819301295818496,0.2810691809795473,0.2402966563193387,0.2206732264977008,0.21105751123288696,0.1701578901995044,0.159737315573161,0.17694159384946803,0.19886924143969448
0,Non-Crop,0.16604851275525234,0.2422947037604703,0.05834640849893833,0.18394829526153197,0.1882416368407339,0.1303603535441535,0.40104135471532765,0.16445568493033805,0.19906722561045717,0.18687419143270959,0.22448940402960804,0.20777049879644544,0.21568671987404742,0.19685223418954073,0.2003006242111436,0.13980105145412744,0.12368793320364083,0.12198998505364214,0.12370817062051899
0,Non-Crop,0.2287265579735746,0.27285952707924843,0.10407937549855444,0.16878015158069398,0.17102427986233115,0.08143501131837484,0.3942335797865629,0.22541857761070436,0.27881723325032853,0.2689767248228457,0.23380030933338725,0.26422418147100973,0.27850393595702827,0.24669890186780827,0.1943897786588789,0.17958073768019656,0.17163587890827142,0.16752606880315907,0.1528560643402634
0,Non-Crop,0.19767213773225112,0.24313928512176466,0.08523749466096545,0.15790179046079922,0.18414475530847602,0.09712871673981646,0.4958209876030309,0.17959810051764855,0.22813060029689333,0.2161648911494499,0.2713004748316851,0.23384466312756733,0.23161893805490572,0.21039389556616733,0.17495487687368858,0.1715658889963602,0.13929755871654578,0.16715186994823905,0.13547552784879655
0,Non-Crop,0.17689821297175795,0.19579660150450967,0.07126443763710961,0.12453216386740006,0.10331893545624263,0.08039464012407238,0.43063255810625656,0.19137042471633545,0.21421870553475433,0.19472996437338747,0.24345761561676388,0.2278170401836407,0.21982945595138115,0.16462796565944868,0.16236177391470463,0.10496051712371507,0.1,0.13176856776915602,0.16363314882846455
0,Non-Crop,0.2465200492765989,0.16660808899894736,0.09225484283119445,0.0743532461677529,0.10420246751714053,0.12399041207669304,0.48361531043983014,0.26070908561937967,0.2617815987954122,0.2988557144805154,0.2912038650551233,0.30676113023563306,0.28875100616205784,0.23486727563870033,0.25070053021561856,0.19796065560892154,0.21380469935896695,0.2059195818114688,0.24800670653398177
0,Non-Crop,0.13628407423882585,0.1518606054415972,0.09687679654645058,0.05498380889514663,0.13012652607600006,0.10983574842977588,0.3594475615417234,0.15728628616100415,0.14297632674061989,0.18692388272869062,0.20414153784277841,0.19979833003014563,0.1704966981234565,0.15802616815304915,0.10575828661593697,0.10010639878656304,0.1,0.1,0.10172832578969881
0,Non-Crop,0.18984677622658158,0.167239949558935,0.05938572848233562,0.1078542210765994,0.19096268194365926,0.11692002629380784,0.4658573598633511,0.19363840855855646,0.23383897500813455,0.17785567960699167,0.2532790319474025,0.22223013390531718,0.18315772549465026,0.20712682862007456,0.19978078574535973,0.14925768116863133,0.16002776128738552,0.17414612765319754,0.18086804901974293
0,Non-Crop,0.20539506596282747,0.18561502025622093,0.10123637775457905,0.08437864250164187,0.11042248028083478,0.08845113276448126,0.3975334137242529,0.21387975115706545,0.23223312624516224,0.2770501946713375,0.267492688386021,0.2966776157856868,0.23745952080959956,0.2103404653257747,0.18416877156400455,0.15876316697679557,0.11236354175192126,0.15304495968951137,0.12876095515558802
0,Non-Crop,0.19161701066136524,0.19210248232739613,0.07069925784384268,0.12140322448355345,0.1516572628445979,0.05055057991604209,0.30153280652984504,0.185432829120368,0.20054515947976373,0.24007405011014368,0.26830076891203086,0.19957843260973446,0.22384113944951142,0.1954703551530258,0.18750465080589357,0.1580408184607226,0.127701118143334,0.13728971821487596,0.14041947724677586
0,Non-Crop,0.23113337870277637,0.2240319870510178,0.12022587660316643,0.10380611044785136,0.19928168389990705,0.06314891198979816,0.3549463051039039,0.20357936324043932,0.21794481480049843,0.2898339132844363,0.27737856144139517,0.2920386812841289,0.2916834607995636,0.25661433280397666,0.20274677088951945,0.19619060723053106,0.16996141551638316,0.1690213957175862,0.20271266567230925
0,Non-Crop,0.1684354763433313,0.20535795326413747,0.062102500048519305,0.14325545321561817,0.14189477901874756,0.1251178047808418,0.3142015329066511,0.16393835670716975,0.17940670165707226,0.2138821190230607,0.2271490386649222,0.19209236613575847,0.22657773114345453,0.17351971410063943,0.15127330741774725,0.14475964004306605,0.12422329308534649,0.13955199528843928,0.1389009433688482
0,Non-Crop,0.11808376246055355,0.2853679960928762,0.05664438443557749,0.22872361165729874,0.1533967472547764,0.06421371237934577,0.3023413221461808,0.1,0.1291436508177942,0.21371950917371624,0.15824548826894283,0.12436082928002277,0.16266035688033303,0.1422489630371998,0.12629108887911536,0.1,0.1,0.10694189142423643,0.1
0,Non-Crop,0.1459470248167319,0.268347773988119,0.0946419516401582,0.17370582234796078,0.17983803405183527,0.13224223736682783,0.47151246753225673,0.14326084998732097,0.1861344672101377,0.203890348468171,0.16085113468217102,0.21749870101557905,0.14262079226121624,0.17365394930655842,0.15094196616880257,0.1,0.1,0.1,0.10637158793243762
0,Non-Crop,0.1518816191106786,0.17316896208349855,0.05254477599057509,0.12062418609292347,0.16458223862864843,0.11369023174547432,0.36812083331625833,0.14886950072194174,0.16157781891547573,0.2161612155907287,0.1780882446755507,0.16476868678047238,0.2072549752478512,0.19676537650467874,0.12510053735316964,0.11312209418693928,0.1,0.10404525638238954,0.10709049755753507
0,Non-Crop,0.15763100694787002,0.15584940188623672,0.05309557909193435,0.10275382279430237,0.13879867599468695,0.06600249364631941,0.30467041926563715,0.15245508569452798,0.21357522728817452,0.21092294514708962,0.20159614991748953,0.2170349663793688,0.18087822435794765,0.1881495001025962,0.1474846894073509,0.11764483930238903,0.11770883958082073,0.1,0.1
0,Non-Crop,0.12312175647677306,0.23305672280370165,0.1041704812410004,0.12888624156270126,0.17619018126048702,0.13336499619375855,0.3880882700624848,0.10185371634535405,0.12962484072522704,0.1399662090440657,0.15569572127999592,0.16980894000540492,0.1629244011218453,0.1494061905871173,0.1,0.1,0.1,0.1,0.13452801180079427
0,Non-Crop,0.24907725833495473,0.28204721432233903,0.11234059581594401,0.169706618506395,0.15693773611822828,0.1120660479824584,0.34026242156448666,0.23977104919935366,0.27092956817908215,0.34403767451569023,0.2688926010972544,0.2996169229061303,0.2883547289754612,0.277848985236735,0.23349776001989164,0.21739814435964036,0.19236778110326405,0.20651358342669995,0.20693639654648693
0,Non-Crop,0.23156358715272835,0.29160631407380966,0.06487959694051157,0.2267267171332981,0.14626756050653936,0.1480987378162685,0.3966814871946293,0.2366690549009996,0.2764527983928559,0.24467600895230934,0.2645834846826322,0.2898242051299232,0.24698181479870474,0.24342901254232585,0.1656295208200121,0.24804239383358956,0.17729271063832677,0.20749649861933697,0.18954861436253892
0,Non-Crop,0.186029342718336,0.29340707154178997,0.07004745155284028,0.22335961998894968,0.11092642103096215,0.1353961966955422,0.3878299633267497,0.19790047716395323,0.15119284695526053,0.24122090748932604,0.23979881594291422,0.23112003893070213,0.2081825808617561,0.21556759752104962,0.18744071057631215,0.1327316645964674,0.14529388257757184,0.11864999429435333,0.12315996314403779
0,Non-Crop,0.14181398086218294,0.18160574458008047,0.14574480190380962,0.03586094267627085,0.10088632851134689,0.14978208556819783,0.4353642597714791,0.13110171409367471,0.18291759988490663,0.19418838356810153,0.2060018950875435,0.19570644842542867,0.15986078482244798,0.16281203838334177,0.14792389600980801,0.11566392041917271,0.1019305931114451,0.1,0.11077330616315291
0,Non-Crop,0.11164740020074077,0.2111314546548646,0.09071064891256277,0.12042080574230184,0.10660098441402416,0.08488205339694793,0.32219961975826295,0.1,0.13988455127840968,0.1537450589483801,0.1451803769095797,0.17029718491067294,0.16032241015846976,0.1,0.1,0.1,0.1,0.1,0.1
0,Non-Crop,0.17146554795156876,0.18390434967239994,0.11404760421758439,0.06985674545481554,0.1978981115174809,0.11034930960433786,0.37156281682270975,0.15437208905214042,0.20213756738702826,0.21369838284491022,0.24141448775798505,0.260680195880337,0.17558186546590987,0.16554327072911215,0.1577082364438688,0.11151835683511652,0.13823269422742912,0.14038678666155302,0.14737751319294992
0,Non-Crop,0.18287514511118336,0.22802548384661267,0.06428759613394117,0.1637378877126715,0.17753461504031356,0.07714093804467144,0.3993390845635893,0.16898088248940218,0.19866077327913143,0.21446692639288634,0.23579699188206052,0.2118916178048234,0.2352193656628706,0.18993528681254065,0.16514997730393008,0.13847712601552858,0.13710245290510809,0.1514308966713791,0.13025552451844577
0,Non-Crop,0.11528385820990203,0.2040350878200642,0.07703932863845256,0.12699575918161163,0.1842711902160555,0.08133479175851431,0.45778649435520147,0.11209196697340211,0.1581545684478868,0.15283219002682183,0.18027967398167768,0.15943777741556603,0.18484130154310044,0.15371543069495236,0.1,0.1,0.1,0.1,0.1
0,Non-Crop,0.24261590615970072,0.255381075230221,0.07980522086394432,0.1755758543662767,0.11053649222508566,0.12818238633449355,0.42882984429518317,0.23982698064608074,0.25758339779288264,0.2847000145772275,0.30451479046848573,0.259203681178314,0.2266158943021538,0.2386611695728624,0.20066249625693655,0.19461297744135808,0.19078379390009645,0.18560472424608354,0.23638824057059604
0,Non-Crop,0.2275522001679843,0.1817991082047987,0.11573534821701285,0.06606375998778584,0.14722818041629818,0.13801567379214852,0.3431481358352908,0.24697102679552152,0.2835685416103326,0.2547856266952263,0.26906767942141413,0.2985089090151387,0.273677053454236,0.25611171928434684,0.18263894791230995,0.22067207048106827,0.16344754341903336,0.1834518459976653,0.1893107263376293
0,Non-Crop,0.15516789816342294,0.15871379281205247,0.06115122123212764,0.09756257157992483,0.15158619027123282,0.07675926767279714,0.4670960451484389,0.15059589985662256,0.15925218760146284,0.14599477422791157,0.20122209224162227,0.24888507793696535,0.20078359112658123,0.16183869097172843,0.1323709201947766,0.11777709125426745,0.11723377458367229,0.1,0.1421773157782808
0,Non-Crop,0.21593822228141726,0.22819440714812084,0.14760138232792136,0.08059302482019948,0.11255502147626534,0.0516947664889581,0.4540316423514192,0.21118431978762445,0.24375419449553204,0.2776288405045616,0.2509683812077873,0.2181718869563175,0.2509733025608625,0.2427676060715707,0.17137014559909683,0.1915024954615676,0.18060104414495318,0.12252208336595427,0.16193543335476224
0,Non-Crop,0.10985422884315488,0.18423530452405484,0.07466036349780246,0.10957494102625238,0.14840770697102018,0.1247444406596694,0.3947619656795893,0.11027195860907411,0.1384395238877387,0.1267244827800981,0.14740175001256806,0.1478151725779602,0.13342353411322802,0.14254310514622362,0.10346888867317637,0.1,0.1,0.1,0.1
0,Non-Crop,0.20111954433040946,0.18898574688642492,0.08451922084942105,0.10446652603700386,0.19174858431319902,0.07905045056714204,0.39399765363158734,0.20772084434666188,0.2374893479085357,0.2214114912478482,0.24787786417403015,0.24734165397187255,0.24273460409459865,0.20825160625586658,0.15105399586669677,0.15268066417576326,0.156735554154935,0.1700038974380477,0.15348979586400494
0,Non-Crop,0.18198657130484425,0.21492240033142038,0.054389994264300516,0.16053240606711985,0.1165749779820156,0.09455416387418908,0.34183709308158555,0.173401682898871,0.21772891363046878,0.19209763350756412,0.24110477395668584,0.26793763511186536,0.18464669841818587,0.19283669506004553,0.15120776636443106,0.15266419066330855,0.13349302096990445,0.12121061939080112,0.15646700072374614
0,Non-Crop,0.2077496763058006,0.18710104737286248,0.11406151835488873,0.07303952901797375,0.16666004790466193,0.06626997438085659,0.41301706249055126,0.20762264517034323,0.2629660558750192,0.26219299315532496,0.25347487518232587,0.265787052303909,0.21228537937868633,0.20089224915182993,0.1685266871008731,0.17930098790737284,0.1731552404169476,0.15672694202867632,0.1550140664924897
0,Non-Crop,0.17213352199045134,0.2493651017551602,0.06185026235981516,0.18751483939534502,0.12888849389091658,0.08978366255021569,0.48390620493120995,0.15914606122402283,0.22253087956612172,0.24259913132111893,0.20999980000587998,0.1802675943045231,0.22220740299238761,0.16549692587824463,0.1704068725892257,0.1,0.1411089628731827,0.1,0.15147178809326226
0,Non-Crop,0.23773586300131555,0.16527055244243052,0.10059579077349316,0.06467476166893736,0.12208527829630089,0.05389299633256675,0.3072037636582853,0.24201394036534518,0.2579188665118947,0.24900445960108888,0.3272783370285525,0.2941853502726326,0.32034391107951254,0.22868967860658307,0.23935434618037407,0.2154812159838024,0.18304785505611346,0.2180106672893431,0.1943506465705204
0,Non-Crop,0.17463097782191533,0.1807020163585926,0.10911303032585165,0.07158898603274094,0.1186135897753348,0.08315646990671938,0.471006040323987,0.12254670068937265,0.20258121768805537,0.22543929809698035,0.23259162225135202,0.2448114929996425,0.18313351143413217,0.1952913003339177,0.18094196668699383,0.10121910137638858,0.13214750845704004,0.11660116746860497,0.13772350808136283
0,Non-Crop,0.21483201257737913,0.15000174521330492,0.09165658284822922,0.0583451623650757,0.15225101810855884,0.05546344200009723,0.49461563259446656,0.20020174449945252,0.21833937928122338,0.23630686839965903,0.24972613248847994,0.2846443553136958,0.2611667281627044,0.2168533993405224,0.21996532063007912,0.15574594470865524,0.14198983897918113,0.18415773202915403,0.1911478608853125
0,Non-Crop,0.1556411512236648,0.2852910295123725,0.13066935196947393,0.15462167754289857,0.1984858402762476,0.1254248259682081,0.3786390402055845,0.19041914449961636,0.19918958916951085,0.1994210633153601,0.189350586121049,0.18449713443381754,0.19601504053417776,0.17106511604443184,0.16613396169811237,0.13081002830899116,0.1,0.12873388984496623,0.10040292239885694
0,Non-Crop,0.11537739460997118,0.22707816963101515,0.10088905555910559,0.12618911407190958,0.13692807702155413,0.14329248625696722,0.46550126397464425,0.13701623580478817,0.15925932092184295,0.17377240071824296,0.16376792436918608,0.18259154943188521,0.16378423829228705,0.11398072379853338,0.11137019355780713,0.1,0.1,0.1,0.1
1,Other Crops,0.47130744474958536,0.705175479238539,0.272705676161539,0.43246980307699995,0.3343109191603857,0.2447090667108519,0.2744388129323542,0.43855641846540594,0.5555795613961939,0.6604677744381381,0.6962795053926907,0.6443479216847963,0.5888538960146347,0.4539952339611345,0.3904399231874631,0.3466584405935933,0.29305757169976293,0.29454256145839397,0.3316925902509357
0,Non-Crop,0.17571933974567921,0.2577680920983825,0.1362640471149179,0.12150404498346457,0.11792556119077902,0.13000034817636813,0.41054141514370907,0.15579150596233787,0.19409315495256893,0.19545006244854385,0.20535219135993038,0.2287156913897458,0.22184010378361757,0.16978750627379768,0.17362207414070402,0.16011078812292218,0.16553695383109218,0.12916806298934325,0.12764703291827698
0,Non-Crop,0.14601648992832117,0.20294377551785348,0.11212924490496101,0.09081453061289246,0.13340499656687693,0.12326990505902803,0.38090547711477396,0.13530046066727522,0.1358406077066724,0.16575955036974283,0.22060747165866268,0.1883633977108719,0.16497435120370696,0.15627285484837028,0.13851298326719108,0.13052434148097397,0.12610996864292484,0.1,0.1
0,Non-Crop,0.11520593463297388,0.19167791641345683,0.07763191084658536,0.11404600556687147,0.1432018927594506,0.1480368740942185,0.3135005093367644,0.1,0.14072668593792861,0.18755144336642426,0.15281346771281093,0.1478156599152868,0.1791599632465864,0.10009678579964751,0.1,0.1,0.1,0.1,0.1
0,Non-Crop,0.19851340952118357,0.29528059975498383,0.1103637200559375,0.18491687969904633,0.10769794670649663,0.0575583613854067,0.4902846441691132,0.18757980782943826,0.21705158424487264,0.27405600056754914,0.2751973798871932,0.21798665612391568,0.24503166508396487,0.22179734101400878,0.1580089823616502,0.17704883763088436,0.18039554200617977,0.12811629966313837,0.1448863368223787
0,Non-Crop,0.22991434504175373,0.2920100593385093,0.06059058044037577,0.23141947889813355,0.11548286125977199,0.14447362587830798,0.4473070456669585,0.22561613793875218,0.25942149095846967,0.30527423624464123,0.2942835715298416,0.25808790183747177,0.2937457214159908,0.23784594069902487,0.2072583609192109,0.18553185634458108,0.14856673439803622,0.17977274123227394,0.2045870339093473
0,Non-Crop,0.12828109086238768,0.2508690747037543,0.14770069544389436,0.10316837925985994,0.11018931008729368,0.0508319942227192,0.38671655852652287,0.1327872493032065,0.14486182921593066,0.16772518818934914,0.19467678362142052,0.16501067745890743,0.1260731560528119,0.17032876934948946,0.1383710110517164,0.1,0.1,0.1,0.1
0,Non-Crop,0.2316205069981723,0.26080847260898493,0.05137455540113453,0.2094339172078504,0.12483762603698002,0.07144064829931646,0.3541612656073945,0.2657207899423129,0.24957571768404385,0.3059935926167901,0.30143713143826567,0.28524291398696283,0.27059474293055985,0.2106681161945503,0.21821684121037963,0.2221207904924084,0.19637079117862963,0.1867610270063036,0.2305822346359933
0,Non-Crop,0.15566694076451917,0.2881149912695036,0.1084448909757426,0.17967010029376096,0.15383319432557135,0.07688535143821935,0.37368978398331576,0.16174331267661668,0.19406946779725218,0.19312316252801862,0.2346069033611426,0.1743596961113383,0.19944892043034923,0.15060572475233466,0.1725153375041841,0.15767712306248513,0.1,0.1,0.13758168222559564
0,Non-Crop,0.10328699931625135,0.19515691167514695,0.10026312426301304,0.09489378741213392,0.1056176077347439,0.09910957293831651,0.4854221257716855,0.1083282061703569,0.11973562862697877,0.18034503260718926,0.13279675575988953,0.13476710631183286,0.12336344504157891,0.1211970876787792,0.1,0.1,0.1,0.1,0.1
0,Non-Crop,0.14647103129837036,0.18749354195964318,0.10150056597097232,0.08599297598867087,0.15355538148796727,0.08568859751711103,0.3707578317472872,0.1561083525327402,0.18138760417613983,0.19952225724511247,0.19124666475749913,0.18942681743959644,0.18295222898675534,0.15524489182723034,0.1,0.10403491392147006,0.1,0.10202904594338368,0.17089919507191897
0,Non-Crop,0.22882251567522321,0.25154111744952556,0.13379083748518034,0.11775027996434523,0.18587642793494724,0.12483558536657398,0.38784212024994347,0.20676204656581326,0.25997419565655217,0.25113988822385763,0.2893928359215261,0.25354703562875197,0.2736224368504302,0.23812061501470694,0.24617613775591585,0.1853619979643951,0.18844533211691927,0.16528317633285208,0.18778763926787773
0,Non-Crop,0.17788368561703077,0.24116290246434788,0.0745352314166211,0.16662767104772677,0.10577321592251172,0.08910328691273986,0.3468406741852668,0.19831135152561874,0.24362381800463942,0.18823756861266644,0.1901599472444526,0.2607678604657505,0.21559957636964666,0.16757383138249682,0.1710371059549985,0.1,0.12907468986571916,0.13649389534073553,0.1610920721292678
0,Non-Crop,0.11730919632683762,0.2408456833985117,0.061720390568023344,0.17912529283048836,0.13372065755657522,0.06428419648143319,0.4384147294048738,0.10785216787984475,0.11559186576889577,0.15674100545684957,0.17071904152308134,0.10907830672577185,0.15242427476163986,0.1234511921078954,0.1,0.12004165004683867,0.1,0.1,0.1
0,Non-Crop,0.2085165493532368,0.2303484899021368,0.13361177032072485,0.09673671958141195,0.18213883629006944,0.13433261677878833,0.39701893199590804,0.23044593402945446,0.2199742805335227,0.22420515470165628,0.25433168593552635,0.23798064940656796,0.23716966506612752,0.24032131244991295,0.18183135486701998,0.16981995696160887,0.16080049816614986,0.1775389532641856,0.1283017463950251
0,Non-Crop,0.10998470918713343,0.24724770111781433,0.05741054225748671,0.18983715886032762,0.13754689284665006,0.13038145451934469,0.3866944465511269,0.1,0.12018163278888527,0.12697228116881323,0.13044128337358418,0.15171414224451168,0.12755613275631553,0.15227448820597064,0.1,0.1,0.1,0.1,0.11691040455032631
0,Non-Crop,0.22067419636477337,0.2659214359935506,0.10484191629935627,0.16107951969419435,0.10664633257762722,0.12665150495325844,0.4167427175462728,0.23476432716126783,0.2604266070424939,0.26442427816375547,0.2987581285990462,0.2743343236252474,0.23337604536649978,0.25579759617027054,0.2170931004310729,0.17397319117680732,0.16220783113353365,0.17865949353443167,0.19466087599160548
0,Non-Crop,0.2138072981745881,0.23957329589854526,0.11541327370278737,0.12416002219575789,0.188912792394001,0.10788067545119405,0.42647826486567747,0.21195932940252113,0.21343616705774016,0.23612423379657366,0.28234669647110355,0.24666591993081255,0.22356979583754696,0.20570159204383748,0.1825204505482931,0.1929801267648367,0.16179595077568773,0.13841359243544304,0.17915117985131565
0,Non-Crop,0.20442342177068878,0.20741981466545817,0.13218309465853592,0.07523672000692225,0.165951076864077,0.12962414505413683,0.35438920788368977,0.18258474376278253,0.24619964871762912,0.24993375780695423,0.2653631955005872,0.2263764009994758,0.2164456321303545,0.22342398653874984,0.16791730030172378,0.17584742284727484,0.12820415975822902,0.1734406922908652,0.144495939196799
0,Non-Crop,0.21670378647169797,0.26412769963961724,0.06877224056922521,0.19535545907039203,0.10883849469845187,0.11989488284873856,0.37366944275887026,0.207502261389028,0.23934731105010867,0.25212458934507365,0.2764093782194469,0.25140791295023357,0.24796570816164315,0.19905291053177124,0.2224579292572484,0.19227848062530561,0.16198208535040773,0.15937459213802482,0.1943193351195323
0,Non-Crop,0.11008838709510518,0.16423769052325046,0.14988926120332907,0.01434842931992139,0.1326639249425911,0.12481839120488464,0.4613330106053633,0.1,0.1291780545518313,0.1513757905829474,0.15727320073727324,0.16223045776776,0.16863932993692668,0.13877972205155512,0.1,0.1,0.1,0.1,0.1
0,Non-Crop,0.19369210721717972,0.2796649870302546,0.1086936506558907,0.1709713363743639,0.15809503798881794,0.14906791570657657,0.4513460334137136,0.22906754288236814,0.2078205138434698,0.20868528928760646,0.23250301287868472,0.2532298108743273,0.22679889332901965,0.19661848791663614,0.18736257380879742,0.12643588081831797,0.1476389873077557,0.16811504638098032,0.16940140382982471
0,Non-Crop,0.18897373285592023,0.15800219954833464,0.09547643425526611,0.06252576529306852,0.16747863021674106,0.11775316138836846,0.37462452368447674,0.22822547666653614,0.21301892322308733,0.2512765428044822,0.26567800049674056,0.2195889195464366,0.2091912233537607,0.2206472235220083,0.2051348570456094,0.1623912252940109,0.1225009399026243,0.1807687413567521,0.14307729862116134
0,Non-Crop,0.12545926428653847,0.1528717301995255,0.12791025863957867,0.024961471559946824,0.1609697425152616,0.11996395696221217,0.46763099499772853,0.10585404076058827,0.210669480524873,0.14546915838076865,0.1690831588747379,0.1378295700996226,0.16615883466712153,0.13553747343522798,0.12322563166935267,0.1,0.1,0.1,0.1
0,Non-Crop,0.2321459508459486,0.28243722247780834,0.11590454101322324,0.1665326814645851,0.1211231831472931,0.1362996831358872,0.47721868706264164,0.24473654253038482,0.2400309125829589,0.29212660870159546,0.2693891455928447,0.2826741269479923,0.2784764383033956,0.23852969995486772,0.2237016077042903,0.18397723320280077,0.17934011329413183,0.18008254849518487,0.18193736763662424
0,Non-Crop,0.1316189652325043,0.18440486655565086,0.09691072110475787,0.08749414545089299,0.12685621674536426,0.06009781068177611,0.33349821781882155,0.1,0.14633392843592422,0.16143862155534697,0.2025316157080191,0.15678514044759556,0.1463188447414126,0.13104448285166623,0.10247693081796777,0.1211639364155454,0.1,0.1,0.10298325393727284
0,Non-Crop,0.229698838278721,0.1732387966715164,0.058273683561818994,0.1149651131096974,0.14845379950800108,0.08024195112785364,0.4126816728967708,0.22250624482967177,0.259692261992766,0.2754490778455659,0.3334342608885336,0.2821597101113632,0.23954135354707862,0.2348455537399329,0.17663475022491099,0.19024671852738936,0.164161211255451,0.2000604300567673,0.18343101650829072
0,Non-Crop,0.16279109123774949,0.2187647136197157,0.12250060762991187,0.09626410598980382,0.1574287575090211,0.1167212337194181,0.4554098571303512,0.15450866787883857,0.20288017273891615,0.22934170444961888,0.21540227716137808,0.1845687591327931,0.1827270124711199,0.20390102140770158,0.14375704649026516,0.1,0.1,0.10635590344174294,0.14823057972758127
0,Non-Crop,0.16102072014275853,0.1992349658517509,0.0953989911199699,0.10383597473178101,0.17624469586748687,0.06260020278639943,0.33928384317440347,0.1991034519342187,0.21751117538020995,0.24746987405211604,0.20771456526496024,0.21239808125898452,0.16061147635954054,0.1976154090681174,0.12012596773291884,0.1275161066526147,0.1,0.10129716987482769,0.10899845524324493
0,Non-Crop,0.12742566698032257,0.27385664273410004,0.07857075676608903,0.195285885968011,0.19271237818644493,0.1469926525345191,0.41425209398741947,0.12042529788849975,0.13147594819049724,0.15885297090212158,0.201203199907194,0.17521400000313767,0.1404513051173109,0.1425128795510703,0.11925281729462434,0.1,0.1,0.1,0.1
0,Non-Crop,0.13745034291103453,0.18948710197770166,0.05006533907612996,0.1394217629015717,0.18706690341255178,0.12925948132091347,0.4254657870181356,0.12470418797045864,0.17058935391227437,0.137783351779388,0.17563273762809326,0.18229403559490057,0.14918028177659567,0.12577621581823598,0.1065555903971758,0.10545407271216557,0.1,0.1,0.1
0,Non-Crop,0.12317383060073887,0.2230898031150076,0.09299852141210596,0.13009128170290163,0.15969106905466562,0.14995577032504387,0.4538897788164094,0.14660707683634988,0.13983838847069963,0.15326004996432732,0.15084850849322304,0.21683967493016565,0.1575272702715046,0.1306554397458135,0.12336931640734874,0.1,0.1,0.1,0.1
0,Non-Crop,0.2258770592470448,0.17410193770677676,0.052497166211704964,0.12160477149507179,0.1449038767930126,0.07374785567522575,0.30992287466776747,0.21448040068226962,0.2564385108887151,0.23760713455400603,0.2907633919276828,0.2630180424906238,0.2331992796714355,0.22393280249012187,0.23348088219981525,0.17733023274132392,0.18416962572798234,0.16331171999957841,0.2057584799669976
0,Non-Crop,0.18486723322614945,0.2893717075817531,0.0887322517975314,0.2006394557842217,0.10661651888344405,0.05191554855512529,0.46537171219455065,0.21554433204679296,0.21159540025397527,0.2128862221482915,0.2106481168997899,0.24044019003605346,0.21870774537156099,0.2058236475309073,0.1380835770478716,0.12358189940292304,0.1589283113279326,0.14354785242857931,0.1602582339723811
0,Non-Crop,0.14224240631584475,0.29450404806690567,0.051028449593569204,0.24347559847333647,0.17160499732421447,0.12062461625552622,0.4245379081899595,0.13016279379646017,0.16162271013884796,0.1515262723057309,0.18426773352483003,0.2076386878687178,0.16283610593647863,0.1621080026228546,0.12089318281140753,0.11088342211487955,0.1,0.1,0.1
0,Non-Crop,0.17064403786521004,0.2492870448955517,0.12511771369540425,0.12416933120014745,0.17538680827099132,0.10778911126940882,0.48087195499877144,0.18196575752009433,0.2085955871956803,0.22542650767189204,0.19817042372514485,0.1819612195556144,0.1694959742021117,0.17229683842055013,0.16498341116918191,0.11071568754958193,0.14024694115364328,0.1126523206418954,0.12551191736280887
0,Non-Crop,0.16449364296697327,0.2746423756582602,0.06198910934727121,0.21265326631098902,0.17349258473948942,0.10314549141893053,0.3575890685351985,0.12624854345857772,0.18709223897547406,0.17920089143071188,0.25411391228179214,0.22818576875175178,0.1965323259976007,0.19682377692306002,0.13002816203317755,0.13752310577497873,0.1196133457580927,0.12182783086048975,0.15466369669058905
0,Non-Crop,0.23475796998760523,0.2099278176880402,0.08267947058577774,0.12724834710226246,0.10108110836351963,0.13265510741914643,0.460196140080673,0.23830234568903894,0.2404881648747373,0.2562695910715615,0.28269035529630515,0.28320104284581676,0.2510927587341688,0.2502808093627701,0.25883412668390804,0.16203123083664367,0.1975263536556256,0.1854922638366321,0.20849406481577873
0,Non-Crop,0.10755242904540299,0.15791478867894038,0.11920112559466546,0.038713663084274916,0.1457928994434028,0.07265216260361057,0.42279406126504654,0.11727315483375574,0.10057762619684582,0.1712797993635393,0.14800468533924815,0.15114457661190367,0.16399196920144463,0.1,0.1,0.1,0.1,0.1,0.1
0,Non-Crop,0.13318580446690959,0.20714869105026,0.1308405738893691,0.07630811716089089,0.18236236107489737,0.08846110759787681,0.39182480465733616,0.14140104825842728,0.1534210135718997,0.1819807770658178,0.22220404446990508,0.17811403893401245,0.15283263933525196,0.11729536551693615,0.10939820725252761,0.1,0.1,0.11970889753509473,0.10789049949770885
0,Non-Crop,0.16265004937254923,0.16745377277467438,0.11127958355365103,0.05617418922102335,0.19384821582141548,0.11617777324716384,0.3153606096628843,0.1769422451852816,0.1456225007312098,0.22790507991206202,0.20579970392913052,0.21662471937863792,0.2165185950506516,0.14227257583093328,0.1309220679395173,0.11903895068963873,0.1,0.14940256715612849,0.11023759121749378
0,Non-Crop,0.11051622094618854,0.20928889731467365,0.06817788672173619,0.14111101059293746,0.11568127053168058,0.1327302149737246,0.3083830433432515,0.1,0.12864239356752188,0.15565181004526987,0.1807541152293663,0.15626597556774688,0.10891279397339765,0.12464317861315544,0.1,0.10008429006046946,0.1,0.1,0.1
0,Non-Crop,0.20161571068424416,0.21426868557731932,0.1231496464043139,0.09111903917300541,0.18244715176045492,0.06464362566028162,0.4665859431148456,0.22562634385372163,0.22839418501141526,0.20434786585289594,0.2291467307803068,0.2433636669816733,0.23773929755275308,0.2075399413092396,0.20845596509563644,0.12475354863807525,0.15561096353109252,0.11730991244334413,0.18153294031540795
0,Non-Crop,0.14079979080165342,0.15095685651098859,0.14783547870568564,0.003121377805302944,0.19657472098197476,0.08951552974723051,0.44567417086792915,0.16696002911488897,0.14119473492736762,0.20980673451714557,0.18118763129378668,0.1877333525277599,0.16399582474464316,0.17350306068695887,0.14501542628184738,0.1118297004479475,0.1,0.1,0.1
0,Non-Crop,0.16257901278468648,0.17403384014647594,0.06709364024208483,0.1069401999043911,0.14181447881627998,0.12572829782755007,0.4795929293695577,0.1586936301451161,0.17143445971172935,0.22562670455341258,0.2455619043766551,0.19837265444903984,0.1802592816467879,0.17945916649591978,0.13787926380526574,0.12195094400602538,0.12849556993592506,0.1,0.15366804300322026
0,Non-Crop,0.18748785884688351,0.15169538048835338,0.1287371958149273,0.022958184673426085,0.13064328227033717,0.054025800300923216,0.4176704441966307,0.19437554319445421,0.20997176380071936,0.19488488099760498,0.24418166198151878,0.21256260614048383,0.2361000217167075,0.18970886647200794,0.1855501034102238,0.13704336301753495,0.14000993830644146,0.1637465151238641,0.14683051164006747
0,Non-Crop,0.13364778382802894,0.18391186065158438,0.13173053122132367,0.052181329430260714,0.19303984201693256,0.05953609212730036,0.3900117278852451,0.15048745773707148,0.15023491674929015,0.11758156868199095,0.17602609202579556,0.15834177875243358,0.13094587472400787,0.11595525146657086,0.11829679188020735,0.12238047562759716,0.1,0.1,0.1074888514529234
0,Non-Crop,0.140226155161737,0.20416120895115558,0.09084555814084826,0.11331565081030733,0.16796972168333452,0.05566804321658354,0.30693454084521327,0.17158207778566645,0.14700743129594362,0.1928035122088864,0.16734476129886702,0.1961589268410614,0.1636380152238724,0.14103183235121697,0.134887457172945,0.1,0.1,0.10750605269676913,0.1
0,Non-Crop,0.20096381963668256,0.2736525670874024,0.08969921622074742,0.18395335086665496,0.1156316970708861,0.1237950947397592,0.3720949010283108,0.17702804670815633,0.24280905035467493,0.2608964462792528,0.287430973001207,0.2382349591253767,0.2451338700334836,0.2536528567704528,0.1710718247135276,0.13242288992063894,0.11448711307527243,0.16727184648075227,0.12802379919699128
0,Non-Crop,0.13022925670094693,0.2901649558130162,0.11890876537482296,0.17125619043819323,0.18232732126800302,0.10561906926300116,0.4559033402848127,0.14349821128397716,0.13971560298999025,0.1840294654529045,0.17218148407136508,0.16663201068261674,0.1780473341990875,0.15531772462512758,0.14645893843138855,0.12485439564527454,0.1,0.1,0.13150586008142126
0,Non-Crop,0.2152871996369803,0.18394086450047792,0.11923543061544141,0.06470543388503651,0.12333328226493268,0.11253301699544539,0.4494156534258058,0.2209622201102103,0.21950100974917544,0.24042372955486785,0.2901543270731164,0.276339051056371,0.24443041645462724,0.21398500912465585,0.15723188079027176,0.1560300264978951,0.2046390754965199,0.141731874483774,0.1837997797828823
0,Non-Crop,0.19957367122790876,0.29479540854456,0.05504167736022092,0.23975373118433907,0.18903843208552662,0.10768812013112083,0.41278391335112474,0.18411200211649914,0.22355494945879148,0.24557330880679068,0.23349214559136475,0.2576061832899453,0.22470713105780768,0.18527697461888257,0.1764431437580969,0.14178005500769936,0.17143010193303904,0.18965864259702522,0.16919304242727995
0,Non-Crop,0.2188286792202514,0.2514541601809086,0.11796331823951435,0.13349084194139427,0.19459246440320865,0.07958240974965361,0.30022241883923745,0.20120731248702556,0.22855554087748053,0.2846369208641929,0.29743013666457374,0.2595313418352944,0.2496723413705147,0.20779239212336945,0.2247446547411193,0.19429689092869057,0.20877652206627154,0.15331600394349967,0.17599150496136745
0,Non-Crop,0.22472774996683353,0.2877596313122337,0.11497880467642996,0.17278082663580374,0.11034341148604834,0.09020272168882407,0.44578784002103145,0.21717665683865434,0.25423348634881,0.24085110640758378,0.25944537537691875,0.270689771383143,0.24864225979567633,0.2439519054458114,0.26250818087113786,0.1888703919897996,0.1590170051628185,0.2051463433288279,0.15767436418190953
0,Non-Crop,0.136044868517555,0.16424479128425648,0.08149184445888957,0.08275294682536691,0.10966448342877523,0.06768969508239839,0.4974672317159092,0.16441549542051576,0.11025997231706357,0.2036577254797136,0.1926800874697919,0.15736930690169482,0.14446222786176807,0.17662872946471245,0.1,0.1,0.10991465348159475,0.1,0.1
0,Non-Crop,0.1867738762343995,0.25401331920844633,0.12006114963944516,0.1339521695690012,0.17534721106595968,0.13728594215656645,0.3999917983929577,0.20167448749265549,0.23953406746767236,0.2196564466515592,0.2018863927736945,0.25314376787314513,0.2236928738517185,0.18790895463096816,0.16443165860376868,0.2000274779870454,0.12505347730045924,0.1217615963647159,0.15320254462574695
0,Non-Crop,0.11582251411915535,0.23783815258089186,0.10443448876343212,0.13340366381745974,0.12337407920367444,0.11377741418455915,0.4640135004111299,0.11577443730077827,0.12800835801357938,0.13605279070518841,0.18239228997585574,0.17956281788815115,0.11483152559053852,0.1546752940857624,0.1097647771525544,0.10597428225667481,0.1,0.1,0.1
0,Non-Crop,0.1834696956023233,0.2037932372930387,0.14113391900786307,0.06265931828517562,0.10209341178267334,0.0815773151249496,0.3113762795555293,0.19879361578580543,0.22764924905754655,0.25001745165610395,0.2098476187648673,0.25745246193609916,0.20181239608415813,0.14540069731035213,0.14236172728064136,0.14999007267957817,0.11501690479744565,0.13376259248564548,0.15495772907438726
0,Non-Crop,0.1508957900964351,0.22588974814793378,0.06619230066322138,0.1596974474847124,0.1658102218056492,0.14977493890102006,0.39034789519628876,0.1278291420323202,0.14112018008443106,0.15709148937947215,0.17366158936439205,0.18218024228510937,0.2198845800521643,0.1474341969815244,0.13691163083731475,0.12106529306116527,0.10464058793749724,0.10140070714875832,0.1
0,Non-Crop,0.187260497113178,0.21021926686335649,0.08380844093662614,0.12641082592673036,0.11268240225504189,0.08917424505622781,0.332532163021097,0.17045266638906917,0.22476061037328357,0.23094987894801242,0.22351414323108715,0.2526428079876406,0.2222840393318678,0.15739553250729024,0.18811540201038301,0.15311773002483428,0.166198640981754,0.14179263190687394,0.1361492938233065
0,Non-Crop,0.1594468938247331,0.19444887028497,0.06434694570180201,0.130101924583168,0.11514455219353574,0.09327714843418189,0.4191359648323059,0.16955867866145058,0.21320043292150903,0.24694943797358385,0.2012336946912566,0.21474035422042118,0.20076570817390385,0.17041252885879227,0.13993082841546597,0.1303262768493376,0.1,0.1251420698928288,0.12669343561945284
0,Non-Crop,0.17219169268288553,0.27145125543988335,0.14505328209544088,0.12639797334444247,0.10220661486822909,0.14825212722560388,0.3172264278127361,0.1603935067255704,0.21304863417504402,0.21076635060325413,0.2006685354314782,0.19236283538904844,0.23270123090487402,0.18188058442426458,0.14286118361855651,0.12966486969664784,0.13946408115979772,0.11837736863288771,0.10792628182081758
0,Non-Crop,0.22307313767204123,0.273951121642528,0.10880004634296284,0.16515107529956516,0.13531028889383895,0.12997833644457835,0.41093740495767345,0.23195710421785468,0.26907087375696664,0.2744775931414386,0.2998724021262989,0.2789830217336809,0.251038439948381,0.2755778324839722,0.22331471873315809,0.19670790132673308,0.14867054345801967,0.14936077158961353,0.1936504310363587
0,Non-Crop,0.19065389795721566,0.26455384040254804,0.10234013709220083,0.1622137033103472,0.12267726253196458,0.11665219766930349,0.31602114532192044,0.16632738130131366,0.21042183673158776,0.22238378552148913,0.22956532016803344,0.22535404557867664,0.21786041083464858,0.20343379354116947,0.12314486481530564,0.10528511606506197,0.13500356527552332,0.13875230332994642,0.15915910601077488
0,Non-Crop,0.10930621254348315,0.16067335183168646,0.10738658496770963,0.053286766863976834,0.15660184248878212,0.1378033512844457,0.41157473513201465,0.11281194812216162,0.1065429806961747,0.14314329440460483,0.161819521209125,0.14568012950989834,0.13485675419998025,0.11453422179629422,0.1,0.1,0.1,0.1,0.1
1,Other Crops,0.43686284978506895,0.7423471000570502,0.21425565550331158,0.5280914445537386,0.3073209212248854,0.20547318032823542,0.2115137092833107,0.4034572728122292,0.5858529859753278,0.5259301163663371,0.6266587110795417,0.6220340243234362,0.5717799064408589,0.4376091095791696,0.40073504806379134,0.2436874194090956,0.2243729685938225,0.26370042151082396,0.32696044161477317
0,Non-Crop,0.1712634809300152,0.28836514254841866,0.05727349477786684,0.23109164777055183,0.1280600813237916,0.0849937853570714,0.45648516244255755,0.17216793511001485,0.19625871589784705,0.2033013463141794,0.1936889193025359,0.22318784234365263,0.19996700869810535,0.18832429072173995,0.14305231341675087,0.15783978214087974,0.10485149942252346,0.15755807287721613,0.10103373445493039
0,Non-Crop,0.22062483474758263,0.279963477530955,0.0559617325344659,0.22400174499648912,0.1692050553039745,0.06399873767217629,0.3831637136036822,0.17642397896177903,0.2666775238634338,0.26584355272368343,0.27062381119022105,0.27405868854602433,0.2339804928569075,0.20765959088288732,0.19741197948953856,0.21014667961746247,0.14837350829446525,0.12013731387826239,0.17491979663268797
0,Non-Crop,0.18906709479151784,0.23633901429601228,0.066145783406424,0.17019323088958827,0.14717398375184393,0.10534717762098499,0.4140573877462781,0.2026460345467625,0.19679032474297958,0.23016005721515193,0.23573464250082396,0.24114899222511346,0.24801073075934238,0.21371143601725928,0.14998041186734168,0.17875689902651218,0.14645323170852612,0.15486219697553924,0.18312089569857032
0,Non-Crop,0.11997731885012852,0.18919995268280757,0.09190994729170852,0.09729000539109904,0.15992992870063888,0.10137078552153048,0.3576369051919059,0.11994258838461462,0.13939083614932543,0.1819294632329564,0.15168794453455983,0.16672553270390608,0.1426988070025626,0.10920894925098687,0.10120135578643386,0.1,0.11351217537548372,0.1,0.1
0,Non-Crop,0.12944414534666004,0.15338467675580209,0.13616648846991009,0.017218188285892,0.15771170823879066,0.13906584554618423,0.4193890446826345,0.12349450132918305,0.17965509704834912,0.17793340910570854,0.18319993354898026,0.14950779491370347,0.16510686963789203,0.11986104739976439,0.1,0.1,0.1,0.12399335967384234,0.12079391030790851
0,Non-Crop,0.1923131169731253,0.16223623884170488,0.058778823705816,0.10345741513588888,0.11718294603576584,0.10180774980403448,0.3427989357396627,0.17793298361949722,0.18502260394012718,0.2611250749648144,0.26583918084454544,0.23563089250012906,0.24222510483188137,0.23743497113066186,0.1898554742518061,0.16406658699792814,0.14741560501953666,0.15735685053715315,0.14975771282481298
0,Non-Crop,0.13466212793117444,0.2846078576195572,0.0756191514439355,0.2089887061756217,0.12206510596217485,0.06381252931402473,0.4718223515293833,0.17565836984689295,0.15864706124053424,0.19237827720219844,0.1687188896280261,0.16452994034802573,0.1862254313213711,0.11472660410313716,0.108818691188588,0.1,0.1,0.1,0.10730150727457331
0,Non-Crop,0.2148787965827113,0.25374834777998123,0.14656389752668003,0.1071844502533012,0.13935553361063158,0.06307173235897573,0.4343417718488122,0.22550072862840345,0.27130004033094174,0.25739642451395883,0.23553504713988085,0.24659913730571517,0.20921381481087659,0.24774001956662597,0.2126217411247922,0.1670112863839585,0.13764109226007773,0.15026668368470456,0.16683624099024877
0,Non-Crop,0.23638790416554886,0.2055348278526865,0.12512789243737668,0.08040693541530983,0.18969952893644113,0.13461242105302315,0.33656267770784515,0.23391325056355372,0.2695152932942747,0.26852281290358415,0.2826112740081608,0.26205361965579266,0.265611359170622,0.22722388729596532,0.196567813777828,0.2037210023572602,0.19176619379944723,0.2040991651313634,0.1924883764955273
0,Non-Crop,0.21469764255773102,0.17200426710227723,0.11903228469007289,0.05297198241220434,0.1945024064580569,0.1182540478767157,0.36632336982156677,0.2591113184893933,0.23884548225328905,0.23584409433071835,0.2651544460544342,0.2799597167107351,0.2323174962486167,0.2191756592783606,0.20397156390149285,0.2009184748364531,0.18132961133626366,0.18308878821521934,0.17089525514568293
0,Non-Crop,0.20575613595303893,0.2612966594270979,0.11777232412013204,0.14352433530696584,0.1252314736135153,0.13730431470152032,0.33377169267407897,0.20722007577307283,0.22672255310728387,0.27166383513557507,0.2539565260862574,0.22883008472665964,0.22780914603884217,0.2163860306922418,0.21280127025449894,0.1799779048866192,0.1398689244948432,0.20751372055345982,0.17577462589407894
0,Non-Crop,0.22430634757270096,0.2744344073524575,0.12093888218243862,0.15349552517001888,0.11054013773964623,0.13388538619040688,0.43420259610658196,0.2047399034208621,0.27641324161867187,0.2736082072885354,0.28634567480904993,0.2653523736838898,0.23566710201231778,0.2328168405237601,0.21051309718468433,0.15875765744501474,0.19129554979274863,0.19629062651747564,0.17443603881775882
0,Non-Crop,0.1208881106177056,0.15160729465430384,0.10442573370152508,0.047181560952778756,0.19757788185489328,0.08691361938092045,0.371438466798609,0.12650829562334173,0.10220747502481903,0.18321440805098188,0.16759978306046192,0.23121484135088433,0.19697004283522562,0.12431512963574863,0.1012222091825983,0.10295961613234977,0.10607505693281152,0.1,0.1
0,Non-Crop,0.12935689601494738,0.27303799784173344,0.11487471138950181,0.15816328645223163,0.14189697737795245,0.09580286165838686,0.35132944143721917,0.13104337255979207,0.18635290451890324,0.18936221834006256,0.14578664985380374,0.1747667625355478,0.1597017071874324,0.1318461297119519,0.1242139167810724,0.1,0.1,0.1,0.1076713934396406
0,Non-Crop,0.11805453643149791,0.16014071242085748,0.12240291887729211,0.037737793543565365,0.19288079606878855,0.0930535820913037,0.3238281343992096,0.1,0.14559534663941584,0.1887052398281641,0.13844664312085853,0.1518008543064269,0.15456027921089832,0.15016738952304096,0.1,0.1,0.1,0.1,0.1236190409558532
0,Non-Crop,0.22990535125686348,0.15148660432367303,0.12780463064831993,0.023681973675353102,0.1460733600241674,0.14888405413036632,0.39664641517508703,0.2348708299150924,0.22136464085388458,0.27774712347157954,0.2685262600982615,0.24694715979523515,0.24948621685308608,0.22645357426711793,0.2329638406549891,0.17078943416942644,0.16523189659262355,0.18666690273466682,0.16811245955125895
0,Non-Crop,0.1626092173493722,0.20653003205207826,0.13759049249998945,0.06893953955208881,0.19052989990105157,0.099295697165586,0.3660311900631209,0.15960280814393477,0.18004657001585506,0.1838312126963555,0.18903929161084213,0.21736148596158777,0.18152178592040027,0.17599238418308846,0.12736508224240675,0.12839034743939742,0.13979827221243862,0.12638631962407093,0.119083924706523
0,Non-Crop,0.22809143232127793,0.1519843219357941,0.10117804565694807,0.05080627627884601,0.17694425794215568,0.14347955174927834,0.4818404272412974,0.21530682109567528,0.23424491701264694,0.2531209489352411,0.24871085550925826,0.2922111758294736,0.21334946313936046,0.2449095290786574,0.19319099280329233,0.18000320326339916,0.16125517360713532,0.2090625117809616,0.19314072807647387
0,Non-Crop,0.19683015346157834,0.17336598908702552,0.10470453456155776,0.06866145452546776,0.10874465017998855,0.08773631767966508,0.38270330605799185,0.18917380966931896,0.21832685146629177,0.2309501088296811,0.22302429162732987,0.23429704356023967,0.23213965571839085,0.20298829326212098,0.1829410126890816,0.14558772468709727,0.1713880058726467,0.12536047299732578,0.17130434312479312
0,Non-Crop,0.2407096209352197,0.28764709168566505,0.13874689402128823,0.14890019766437682,0.16254334501665935,0.1308268211216278,0.313807387382275,0.21572171687402913,0.2425212370245717,0.25474500882128975,0.31698805420939075,0.2921265911324462,0.24894580397127505,0.23890372385909164,0.24680568746396858,0.1973071115635985,0.1850893522961414,0.17713747306560157,0.18493275838032486
0,Non-Crop,0.19014182268065785,0.2544119792350559,0.08625019845315132,0.16816178078190455,0.18239976518799783,0.07040876611557603,0.3938081495036308,0.1796485745393218,0.223986196563731,0.2581366331566806,0.21787343567481154,0.22829657528223662,0.21703944548120524,0.16928203903980152,0.18442964613134485,0.13782189128040925,0.13735750977386252,0.13315662150926338,0.1390780362877448
0,Non-Crop,0.2366239397029473,0.15090705647759675,0.09838602188643114,0.05252103459116561,0.11232474581325515,0.08076790894779486,0.4852119119636531,0.24987845623333263,0.2444524169735707,0.2987651442277409,0.2889349831486472,0.31299395443932626,0.3148318931529198,0.23427506825987504,0.21050350078043714,0.19385897249857653,0.19966147882320273,0.21519712537929217,0.18829075374103163
0,Non-Crop,0.2428093669958504,0.26068916534982,0.109742924257342,0.150946241092478,0.18808951605447527,0.05496059083494828,0.35141253843784176,0.21215535579805178,0.2628550308983018,0.29091691641427997,0.2961948409176251,0.2513983666675196,0.2549266172406508,0.24858381211586944,0.2359960238017132,0.16104668580845505,0.1906903816029984,0.19772412866027253,0.22452459048765508
0,Non-Crop,0.22177100775263295,0.20127735628758872,0.093369433132038,0.10790792315555073,0.18484717744062648,0.08632553516758103,0.45878702669037025,0.224963963140791,0.2571704524372187,0.27954018867331154,0.2840761940551535,0.2605827354826536,0.2735685677716596,0.22633846169349794,0.1928512991226481,0.1728441236409699,0.2116942696989048,0.15898512545763716,0.2123266960093223
0,Non-Crop,0.1279629707280962,0.2624054154967435,0.10456959688130257,0.15783581861544094,0.12040643885466007,0.07919111734978072,0.4497217417163665,0.1,0.15009735237160723,0.1682878133929474,0.1888041126093889,0.19241973349667005,0.15669827430784414,0.17212903742697483,0.11490850423432104,0.1,0.1,0.1,0.1
0,Non-Crop,0.10588975774729904,0.2965925734765394,0.07423536951367624,0.22235720396286315,0.1663310709504002,0.13390996987996115,0.41013209184731286,0.11536843973152607,0.11544851352569385,0.17833767404202977,0.16893235731595158,0.11414566909009699,0.1530982372471814,0.10151827310194686,0.1,0.1,0.1,0.1,0.10072364530689601
0,Non-Crop,0.22818210898032704,0.2010006579089838,0.13696496848121714,0.06403568942776666,0.10881344309766916,0.12767984372086305,0.46950952661094725,0.22258224294283743,0.22657277118614147,0.2805615446532112,0.2613712221098372,0.3173289149892202,0.26951586035261516,0.22362514333224137,0.19841524264807348,0.18848310008265887,0.1745155646566372,0.2025725707577692,0.19663341609668838
0,Non-Crop,0.1653094485099627,0.2929680171591207,0.12192452005758318,0.1710434971015375,0.19301652028625502,0.10275879732721657,0.35178085495862793,0.15796804039032927,0.1751842820202132,0.2570823968220906,0.24023651223255657,0.18777087864495903,0.2021657796464773,0.20152595442424256,0.11784630404396168,0.12900898657270937,0.11891439714109774,0.1,0.1376234383236877
0,Non-Crop,0.19350693489398607,0.24037037556858998,0.09897858679882407,0.1413917887697659,0.15286566039892757,0.08344425271181041,0.40386253852846066,0.20456991802157026,0.20651420586086078,0.27404940003087996,0.22788938482381715,0.2051881454759249,0.2140052672851335,0.16105317987263668,0.19098976259965128,0.11436514920346325,0.1451995806343944,0.10400448476370519,0.15182396252473365
0,Non-Crop,0.10180045409090238,0.23292223135775236,0.1240663581066626,0.10885587325108977,0.14850179875240413,0.058540303016272166,0.49449227800558043,0.14961577738625687,0.13331357289596205,0.14187460773495914,0.11976246820331143,0.132056961435959,0.1291893405803821,0.1,0.1,0.1,0.1,0.1,0.1
0,Non-Crop,0.10546915762384278,0.1579115928243326,0.13341641082084413,0.024495182003488464,0.11179724836280616,0.0545151364412292,0.38757997742858247,0.1,0.1433637944972387,0.1371888554068533,0.15358208207346402,0.19433276072673772,0.10691911209136215,0.1,0.10360178953533393,0.1,0.1,0.1,0.1
0,Non-Crop,0.24494114466222788,0.295511168500006,0.1365071099375394,0.15900405856246663,0.16007921493396193,0.12008656972438798,0.3570411605360828,0.23036809637582434,0.31188207857541356,0.31943421322761045,0.2925542872747059,0.2711343471129111,0.25176743227393406,0.26946971510671186,0.2267939279471369,0.22563835761187062,0.24014921816488585,0.18158727215474846,0.18506136350854654
0,Non-Crop,0.1838827197652687,0.227211329063517,0.059957971354002895,0.1672533577095141,0.10160281564551232,0.1463685188687049,0.3753972334573683,0.16912157809204087,0.21147901994751986,0.23516170150530963,0.23765431590087419,0.20895368471237566,0.21793356239697553,0.2201826389426148,0.17531627367107824,0.1652823387813091,0.1302659744817613,0.15093451082058598,0.15419106025107965
0,Non-Crop,0.11969319580072364,0.19645375666577836,0.07017949482524569,0.12627426184053267,0.19088264977168623,0.12604000672874827,0.43527967378200116,0.1014075695847908,0.13214557650245923,0.15850221647650037,0.20196443723057936,0.17642077624537292,0.12313506640860375,0.12488954037192697,0.1,0.1,0.1,0.1,0.1
0,Non-Crop,0.16382584889077642,0.2348123909628807,0.05210091569863608,0.18271147526424464,0.10344313085733146,0.09458255498270161,0.4633310486403247,0.18101754633764755,0.18939315550216124,0.22869050885168063,0.20595335892992292,0.18731831172850427,0.2221595418413955,0.16861223637612696,0.15071785697877962,0.1506807624062759,0.1,0.12778945311040465,0.11675093748299901
0,Non-Crop,0.10956918343803969,0.20808347118153103,0.07827654570600986,0.12980692547552117,0.13044904243540306,0.14829468795547007,0.42855548269598553,0.1338123572090463,0.12367756325316687,0.17273991406265227,0.1557062161606294,0.1415092306144753,0.11760549469223466,0.10486209670127804,0.1203947977116845,0.1,0.10302761398437785,0.1,0.1
0,Non-Crop,0.14498940962095994,0.22114629973026453,0.06680200521926785,0.15434429451099668,0.13547972896563887,0.08999830182935685,0.3114783687376547,0.16414524191041804,0.1731127535791826,0.19321649192937704,0.17295377117425142,0.17283919917018944,0.210887517193184,0.13734138932868836,0.16057441327762484,0.10228806087794619,0.1,0.1184504990924016,0.1351502417812135
0,Non-Crop,0.15523751610926997,0.2968547761187501,0.09207365625686167,0.20478111986188843,0.15019454051318418,0.14099301581597184,0.4434523751731513,0.181998024161847,0.18658355422501874,0.19469632401540005,0.22721110388409213,0.1535557029585645,0.17486215270192493,0.14697731691108912,0.13700791872816276,0.1,0.1327537234708895,0.10229510438242813,0.12633643365392905
0,Non-Crop,0.1836533036778179,0.15819154548202036,0.14718453013254845,0.011007015349471905,0.15126152441032,0.07908768542315825,0.3938813683978516,0.17499782600605013,0.22350094995090436,0.2197793313333506,0.22860038495772966,0.2488457051372207,0.19933744633783726,0.15985323971595328,0.162901519902827,0.13612969988744675,0.11545187139949797,0.13219952082668715,0.158206400344234
1,Other Crops,0.3970460911530712,0.6268745877435227,0.28911400917935093,0.33776057856417174,0.3190533059702241,0.22096713435045245,0.3475567374813727,0.36788151920699136,0.5224007833565751,0.5624053637516522,0.5633068383464322,0.5396422271558997,0.5747721758111184,0.4204726120799815,0.35498456911706183,0.19444201025324165,0.28067091425896884,0.23205857507145736,0.2482748196143366
0,Non-Crop,0.15037245469623017,0.24226046310220467,0.1426907562145864,0.09956970688761826,0.19620584989413517,0.10089590404220475,0.39056496105686533,0.15524559917028447,0.15253956349045172,0.1727352119222064,0.1808523296337394,0.19804803238699306,0.16776975637776786,0.16730973347873393,0.1,0.1,0.1,0.1,0.10433448324790781
0,Non-Crop,0.24170610725087224,0.20023174352054773,0.10708539362787615,0.09314634989267158,0.19095953911109445,0.05061838226408967,0.4621367140675184,0.23529685625567937,0.26617265494299847,0.27699491714607466,0.2587297895084125,0.30900990201794787,0.2896984917058262,0.28852878752547756,0.2697769319959434,0.18034557984042063,0.18612160296004082,0.24399068545511818,0.20561807866070797
0,Non-Crop,0.18156806055876204,0.25424551996822137,0.10151670283865888,0.1527288171295625,0.19902851705849414,0.11113416562477262,0.3741947425184338,0.16935090776266074,0.21562900261663254,0.1923809236677318,0.20785361659880916,0.25573467988449083,0.204545621984803,0.2176895704826063,0.1624642859931107,0.10688998033420848,0.1505329066701416,0.12182400047049297,0.16026482055058333
0,Non-Crop,0.17567543860822538,0.18912738689431333,0.05090870349512164,0.1382186833991917,0.16482975272988015,0.1011093821472398,0.38910356289863224,0.17711305732260288,0.2090755128683323,0.2388893135075829,0.22952607970520517,0.25377174470260455,0.2180379620324674,0.16758890207489774,0.1533820563808268,0.1,0.10875512391552722,0.12010929675640063,0.1513238945208591
0,Non-Crop,0.24372071797067443,0.1871447464607158,0.08480519554773205,0.10233955091298375,0.18955557408738852,0.14666222208961074,0.3886878205672088,0.24953865912247455,0.2277813592918498,0.26336939240918145,0.3121836669966935,0.2865428575339276,0.26316969912044386,0.22360523806851829,0.20458683016067647,0.16544462040603908,0.19281859771338894,0.18380575262589657,0.18911194387244853
0,Non-Crop,0.1616670125492273,0.21670691652875035,0.107654498995114,0.10905241753363634,0.19833407684142268,0.0741601276435763,0.43625642210648674,0.17686546741017672,0.21622437336917516,0.20898485643435924,0.19934303599049683,0.21003349688069628,0.17843487196851357,0.15223734179864565,0.15779305895481283,0.12104588138808692,0.13689241973497304,0.10487233903119897,0.11956650465730749
0,Non-Crop,0.11089983813717351,0.17986401299038884,0.0847822347433046,0.09508177824708425,0.16202348489611207,0.10448010852760983,0.3251286984824628,0.1,0.11902064612507941,0.1445014157430048,0.13346223938357324,0.13688227255413024,0.1548920036781175,0.1,0.1,0.1,0.1,0.1,0.1
0,Non-Crop,0.17588887002195908,0.26665918651016896,0.1358322938878858,0.13082689262228314,0.18448640854105086,0.08596755612230678,0.43744686869213656,0.16796095961843,0.196480842818919,0.18353890275655943,0.20744078902053492,0.2422872379088619,0.22101674715375924,0.20168620792699307,0.14656790418685006,0.12873484045418593,0.1,0.14658134713512833,0.1625448991187614
1,Other Crops,0.34503220484318636,0.6993476870309373,0.2609681908275777,0.4383794962033596,0.3872647681735045,0.1656362141644875,0.3127697245380399,0.2951997023761712,0.4560148745065121,0.451424307230382,0.5350106873967212,0.5551271462009219,0.4704835657401688,0.4317064857988542,0.3056288338827156,0.1740547541318334,0.1503455827057101,0.15182622883422559,0.15645883682872416
0,Non-Crop,0.12726453966417914,0.22561992628776573,0.08228097934478504,0.1433389469429807,0.12581076431734148,0.09639854174403809,0.3266568516164346,0.11520524166113594,0.15759398427630278,0.18232669822863523,0.18877486818875963,0.1645268861017681,0.1628776594586664,0.15502311839070718,0.11863666990524793,0.12660396878765112,0.1,0.11368646738399144,0.1
0,Non-Crop,0.1958444532959927,0.16221708193367387,0.09350145943402233,0.06871562249965155,0.12926550976674078,0.10454279502117131,0.3266832671046414,0.21573340080617084,0.2327358539684939,0.1904848153192097,0.286560595684753,0.24721492344969415,0.21023807769133052,0.20604301207880488,0.18182908836156556,0.144667354191565,0.15092628075957937,0.13574879381042962,0.15248019716367267
0,Non-Crop,0.15775870835784425,0.29144741761067033,0.1110376059781692,0.18040981163250114,0.18349737856829623,0.12103515007123322,0.3225006261053263,0.13970471507339358,0.20066855465519554,0.17188921146727604,0.23207476317197068,0.2096411099228199,0.1843910961705886,0.18008139177951515,0.15044607985661035,0.14652621730560905,0.13530343724165875,0.11685830350801306,0.10504627831849311
1,Other Crops,0.4823637139078894,0.6658695991207275,0.20399479732860945,0.46187480179211804,0.30434402350003076,0.23263903116005552,0.3052248652197749,0.46231335806248536,0.5764165514881587,0.6189046918602192,0.6069208807039121,0.6702369882154376,0.6203253034163198,0.5184497197924646,0.35372021683733446,0.3204777319440095,0.22030725757333752,0.33166989220488724,0.3086740113302684
0,Non-Crop,0.20729834657937035,0.1902214844417881,0.0815668481164066,0.1086546363253815,0.1125251231096208,0.11555099718461126,0.3079594254671305,0.2273256757051876,0.23656131423016272,0.2468492606132883,0.27651932057033735,0.23670999011598012,0.23567760491520917,0.2342699715499143,0.2003453094307008,0.1601321422650757,0.12816270536411015,0.16556929666210965,0.14044782626279098
0,Non-Crop,0.11528181462093348,0.2866680752087936,0.1320507504232109,0.1546173247855827,0.1760034901803174,0.054876631881314045,0.46874575854205147,0.1,0.12402598615496481,0.139790098804859,0.16715430303932047,0.17036157755757725,0.17513962997505092,0.11243850541656539,0.1,0.10043513023311201,0.1,0.1,0.1
0,Non-Crop,0.15244215982115833,0.2394519746245164,0.0774212889124147,0.1620306857121017,0.10266083660776842,0.12352285181015961,0.4251299825882906,0.18358969616922985,0.18682103126907085,0.17336775190667522,0.21491652595831173,0.18052198405812409,0.17550646370322306,0.16715980336504807,0.11880781150430254,0.1,0.11288112030771995,0.1418404301742477,0.142029830152228
0,Non-Crop,0.20549158415986774,0.27516873792841445,0.05562139054598785,0.2195473473824266,0.1747520636746505,0.13508527573220952,0.3572270084916629,0.1776016827826825,0.25054069213599556,0.22367467460494186,0.2610823992259651,0.23405337633262863,0.2464829710265541,0.21186908004430294,0.15605730361212009,0.1760654520148409,0.14505666273995868,0.17516830484297818,0.1702410816560363
0,Non-Crop,0.1968891839534559,0.18493187192277225,0.06567604286516393,0.11925582905760831,0.16834294151572704,0.10936846199087333,0.45096549167246625,0.18673451788886075,0.18367219436474083,0.24354566988383297,0.24586902158853896,0.2217397966694176,0.20594050295594096,0.22131538169883935,0.14023612442255498,0.1653347142895202,0.1442639385639838,0.15888606678736775,0.15572606747773227
0,Non-Crop,0.19848440535994785,0.28604782776573656,0.06687494383982295,0.2191728839259136,0.1968326960099255,0.09528833604155117,0.4891430216882049,0.17474453759383296,0.2436119659065739,0.22877571194472016,0.22964722871490206,0.240390919185144,0.21015179417921542,0.19719179812315257,0.1878263224067362,0.16761111537947398,0.1316512981481804,0.14078408416781604,0.18469404917683313
0,Non-Crop,0.1805913510502057,0.25156863952238456,0.11826711524627594,0.13330152427610864,0.1628734015059993,0.07661013685373086,0.30780128415256364,0.20004370390436055,0.2023519160402622,0.24701886317442884,0.23555809577782683,0.2478659168896426,0.2345124679310172,0.1658294196537437,0.17893821230526485,0.13911338791454186,0.13447865790263117,0.13518699229390474,0.14705373912319328
0,Non-Crop,0.19459529424746208,0.21452140981452394,0.09377650549881283,0.12074490431571111,0.131037088910812,0.12621296204503246,0.487235312833301,0.2019995320462969,0.23025285450637842,0.2346593290764228,0.24332222951763396,0.2482711672952985,0.2198975119035063,0.22951491980915356,0.19384311514761313,0.17421165650217835,0.1263956538967989,0.14506131202619107,0.15330895899452843
0,Non-Crop,0.12191448483119804,0.2734505361670402,0.07350312988119187,0.1999474062858483,0.16522811128184461,0.09051971425753297,0.4192087190955294,0.11702886603566737,0.1545716832813154,0.15026129713289638,0.15492120319226002,0.1718240689050926,0.15339329043621747,0.1290892486224944,0.12154909367602956,0.1,0.1,0.1,0.1
0,Non-Crop,0.14075763983472694,0.272393368412281,0.08783156071652595,0.18456180769575506,0.10883969671467585,0.08422255247789046,0.496276666848256,0.11721839757932759,0.2011397949237734,0.1715032972508273,0.20726472488853773,0.19041191284896647,0.1509905660302854,0.14769454605346571,0.1388985340364609,0.1,0.11574339286849265,0.1132417339572073,0.12385892064937394
0,Non-Crop,0.15418240884637177,0.24559532348070356,0.05706966081843662,0.18852566266226695,0.13615401877629568,0.10347994662811924,0.49924489860892773,0.1810900337989262,0.17598558991908625,0.22375164006617118,0.1977551514562008,0.2181769176897602,0.18867927661430398,0.19583611722303404,0.1071029502056022,0.1,0.14193834865628466,0.1,0.10550932540633495
0,Non-Crop,0.14800241696310876,0.22590670386177547,0.06625110652974563,0.15965559733202983,0.19597457214619693,0.13515814000172371,0.47275792459300064,0.17684131707914655,0.16172620907978502,0.19119324500039353,0.19168417201355026,0.21638783980466117,0.121175895340359,0.15472621051958393,0.1283468804286738,0.10108956444587869,0.13365044199256657,0.1,0.1281613242293024
0,Non-Crop,0.18826468606801783,0.18161446491448593,0.07367204758538329,0.10794241732910265,0.1628030464569537,0.13299395932124433,0.383125556405831,0.20026706508395004,0.20433166296254696,0.21838772127572353,0.27710432190091605,0.20479091601324473,0.21700432178504359,0.16602674899713232,0.19702181758042245,0.15028208905845467,0.14295166188015168,0.19569631852741307,0.14111821627477036
0,Non-Crop,0.22012271497896255,0.2176695104696762,0.12186992659727959,0.09579958387239661,0.15862354987807617,0.0992367048701249,0.3384631545568701,0.18778844748000226,0.23950634527206335,0.25722394714402386,0.2825297370544267,0.26649886394308464,0.2625144649497587,0.2412475180447338,0.24568212714214438,0.17597665710784363,0.15242575508238013,0.1770981735521338,0.1688000981576521
0,Non-Crop,0.21669774573564052,0.18307057214990546,0.06645660584293349,0.11661396630697198,0.1406332230963768,0.1426585383218381,0.44208436300248233,0.2278702763907308,0.18822463957503183,0.23407438070265352,0.28572358944628096,0.24369047782474879,0.2506802339470406,0.1985932522340582,0.21379060639432831,0.19748301289015557,0.182459437975833,0.18940266824955554,0.21269873235511158
0,Non-Crop,0.11179400664846371,0.19963721486702926,0.0748287479630846,0.12480846690394466,0.19880139620654216,0.08893897796668734,0.44652253984807977,0.1,0.14907266227933047,0.13794481982512863,0.14266748602934387,0.1283867927463525,0.1320594170644512,0.11719570657352721,0.1,0.1,0.1,0.1,0.1
0,Non-Crop,0.1924436122531217,0.15672908364415755,0.11225469904622817,0.04447438459792938,0.13089177228437662,0.0868725155470846,0.45394628365937606,0.18447488906614612,0.24128113368023524,0.23205612967371855,0.254083270502357,0.23606237571839034,0.25349336722792504,0.20930120522114498,0.18585756630702455,0.16592961826239702,0.1324648316433126,0.13523261578151408,0.1725515087658016
0,Non-Crop,0.10747902195987465,0.17248638798707094,0.10375811380515143,0.06872827418191951,0.15757924711223098,0.11451500833009033,0.30339382586309327,0.12193555985958489,0.13368628205415256,0.16969571521220286,0.16771366681790642,0.15346798835663944,0.13133134265975419,0.11291667560961424,0.1,0.1,0.1,0.1,0.1
0,Non-Crop,0.12240724543396482,0.24723854311167331,0.06723863621051662,0.1799999069011567,0.1872394563354815,0.11131162390692415,0.3314407767113908,0.12284930043096194,0.15750695647334578,0.16834785026632595,0.15925993682388614,0.1832387966210552,0.1398428870340911,0.1,0.10744114300856818,0.1,0.1,0.11443846641960218,0.12768502301840637
0,Non-Crop,0.16269761282603704,0.2779927197850803,0.13561536219946602,0.14237735758561426,0.10992376649196811,0.05907208827478309,0.3525390954003871,0.15200247940915057,0.1925683188704236,0.17482600916285898,0.2381911536895743,0.19485403820473193,0.20705928973999768,0.14435364128115288,0.1585352540524804,0.13829638021693058,0.12150514838290012,0.1,0.13241156033947898
0,Non-Crop,0.12412904402276469,0.2550521833299854,0.12588681344179498,0.12916536988819044,0.1105796520272799,0.10061398526946444,0.4629250112051834,0.12458619421966716,0.16285057882543186,0.16721003119661945,0.18671439734962536,0.19116458628530772,0.14749790822260253,0.1,0.1,0.11046255947407432,0.1,0.1,0.11218772760830924
0,Non-Crop,0.1737892036058694,0.23591587646056633,0.0738337210627997,0.16208215539776663,0.17939550847155908,0.0986482765732423,0.36680910968399194,0.16847711240014732,0.18976291576271212,0.2135699361361364,0.22894931836898486,0.21625173592207736,0.17843268745211996,0.19056889984010156,0.11726260711493994,0.1,0.13969630761664592,0.13598339531541961,0.1373642800258691
0,Non-Crop,0.13873402198899745,0.186520056610014,0.09577646127041342,0.09074359533960058,0.17595201487169443,0.07059881841884733,0.4418592254281536,0.1375952128145016,0.15597853184651733,0.16730010645332652,0.21171477954963402,0.15642135313762126,0.17465876570442107,0.13868758928218083,0.12949135024523395,0.1,0.1072013773441214,0.1,0.1266080695439841
0,Non-Crop,0.11899556882775617,0.1767779683908898,0.09930301251588022,0.07747495587500958,0.10819384390381462,0.06959801847017619,0.48875327644240285,0.11774260438531974,0.1477916507261009,0.16275922098200823,0.18483020915020362,0.18293061248998765,0.12790670959639797,0.14342701924256496,0.1,0.1,0.1,0.1,0.1
0,Non-Crop,0.14270121082696954,0.20639568328937086,0.1256310096980294,0.08076467359134146,0.15396617889031525,0.05774836265554827,0.3036058017917824,0.13873152165666833,0.149034555326317,0.18851195411200575,0.20435832373262539,0.1850388194195222,0.2006955246712509,0.13350997334421247,0.11942265671224128,0.11078084415843237,0.10168397999607123,0.1,0.1
0,Non-Crop,0.1937637329029793,0.29192803409868917,0.10797714417624796,0.1839508899224412,0.15402172667786188,0.0550322932934664,0.3125814952036048,0.21117866579474737,0.23671127176262186,0.23845108263266176,0.24080796716584305,0.2297126953641654,0.20716510027388627,0.18707945131198273,0.14921345223163862,0.1544061791238824,0.11119387547519671,0.1496358496526966,0.15776010446361288
0,Non-Crop,0.12132720645810274,0.15792388408629038,0.11258411949823757,0.045339764588052806,0.10545092774137196,0.13364397373761233,0.40238772613638557,0.17321341015358496,0.16804926365132558,0.15433860391099583,0.16133414079410766,0.18416533864650111,0.11758391977184392,0.12207914833782653,0.1,0.1,0.1,0.1,0.1
0,Non-Crop,0.20461474258557888,0.24642098866292605,0.12827456742513865,0.1181464212377874,0.19374811723991048,0.1191927363266592,0.3311703073102887,0.21726382691842488,0.21910245601370973,0.2312528526781162,0.2866799052313011,0.254629531441504,0.24725770480501147,0.1952292227520137,0.162689891870654,0.15538562233034026,0.1532578089545241,0.13538412871607497,0.16914083013405162
0,Non-Crop,0.15260646819881266,0.2659260125139755,0.1303170511632731,0.1356089613507024,0.11534128823890881,0.08665511873792262,0.3746706322063663,0.1602255249126809,0.1676787925197794,0.17665011530132438,0.2145486809879618,0.1818329063579369,0.17703982941303198,0.14173985924235577,0.14113605053932812,0.14140786728775173,0.1,0.10691340824066864,0.13446122075802008
0,Non-Crop,0.1568055033371739,0.27647172975446177,0.11442130159896179,0.16205042815549997,0.16507243843338004,0.13668214856884892,0.4787946114925009,0.19008015998004338,0.18688164279801112,0.210626886573689,0.23496399843399843,0.2112182534198375,0.17670442838656747,0.15489064700961006,0.1440374410281677,0.1,0.10506381914663522,0.13079023196862205,0.1
0,Non-Crop,0.19952355176930653,0.27544369696536897,0.071546290727573,0.20389740623779595,0.1120481822438468,0.13515371718979258,0.33132256297852997,0.2073069479737755,0.22350900125312712,0.2357851314628387,0.23751598848974956,0.21713544795492554,0.2551147422754374,0.25069014353760816,0.20597112600339054,0.1365021144852952,0.1663873772788695,0.1720528640685659,0.1561777815183598
0,Non-Crop,0.2240301770760043,0.23439831343541134,0.12621875111940822,0.10817956231600312,0.17136073662634715,0.0707511495384879,0.4137625472867746,0.2201162064530663,0.2692032488043878,0.26507326774590617,0.2839667337786819,0.2631200821123657,0.23335754731036523,0.22861929619807547,0.21267196455217638,0.17307629792137902,0.1704394462956161,0.15729469850312772,0.21113805914876665
0,Non-Crop,0.16639822723906497,0.22279001135139323,0.1277909406748537,0.09499907067653954,0.1382363331061628,0.09431273453229144,0.3752380937539244,0.17517959835686836,0.14547216869142054,0.1982578042092645,0.23909024088148262,0.25272361461732884,0.20212676575760344,0.154924887277236,0.1296564910816183,0.13145626186028664,0.1231409877791121,0.15561058870707303,0.15053730801128945
0,Non-Crop,0.1927154448342545,0.2264263309836303,0.10457496797794356,0.12185136300568673,0.13594238268308173,0.05814738977129419,0.33866784672241046,0.19041939985907325,0.22802215628814826,0.22164154299475486,0.24161089354728824,0.2524085277648485,0.2848972560603292,0.2159321690252893,0.15821497148916333,0.14640012642840403,0.1347706567833226,0.10885636764849727,0.15083662472170617
0,Non-Crop,0.19678564668299975,0.24764576178278166,0.13245170697999292,0.11519405480278874,0.1417708566972976,0.05730850910261503,0.3547332769842915,0.19792800349402326,0.22645342918568262,0.22775030006609454,0.24709771085684692,0.2579969681372143,0.2293000466723185,0.20469730512847953,0.18913008958413466,0.1722796431347755,0.14665682442748645,0.13935581180827983,0.16529269647396486
0,Non-Crop,0.13603675276964558,0.22047064821730222,0.09554655720063618,0.12492409101666604,0.15821448028147422,0.08567704903492512,0.3328540898911856,0.16179826726669314,0.1602982096851088,0.15338758608943115,0.2109982693149951,0.1961216366466393,0.17672905911917244,0.15740743799605575,0.1663848293968136,0.1418985259049714,0.1,0.1205682388927117,0.108423100286304
0,Non-Crop,0.18474289114787099,0.1632213365086188,0.0913665523583207,0.07185478415029811,0.17501608329546012,0.1193400853429044,0.4981285474344358,0.18444916286003352,0.1726841081479196,0.2135323535093412,0.1964921940380596,0.23879132488665505,0.23129924953210035,0.18736619381944827,0.17292146910852582,0.14038815727746562,0.15067729258210488,0.13938591611721804,0.10975260775328022
0,Non-Crop,0.1071672047022108,0.2028346462606118,0.13565719886833355,0.06717744739227824,0.1396054477435467,0.0699156897597067,0.38495883626628236,0.12204024021301427,0.1270409483551266,0.14986867125326117,0.18919352016040375,0.15222086489648473,0.14287448536978314,0.1,0.1,0.1,0.1,0.1,0.1
0,Non-Crop,0.17727883392073207,0.26619789296895263,0.1062144753827585,0.15998341758619414,0.15527038900455403,0.06147419583381919,0.3252275316032304,0.1426094439600083,0.20567997699359886,0.22108098694287776,0.2186715069392528,0.2325820160250439,0.20802494249876743,0.16962585591588458,0.15920757043551145,0.16353060074270345,0.13205308997513074,0.14187171515269778,0.13646075563663065
0,Non-Crop,0.19231433725493902,0.21085716362714216,0.05410823649555553,0.1567489271315866,0.1347288474305698,0.07652285225026746,0.43721823078869737,0.17697705649484796,0.2176470595701216,0.25496326632380345,0.2522227874885175,0.24274571144654072,0.22380029916485716,0.20737505476846788,0.1788082339730431,0.13387476699400389,0.1443594158043472,0.12289435034342702,0.1586589718344359
0,Non-Crop,0.17237395907914943,0.24338630967491726,0.051004698105483165,0.1923816115694341,0.11948404916553641,0.09913304319121308,0.490100712317827,0.1477016905984313,0.15837477540806816,0.22942778742102687,0.25323552694477336,0.20314275627622633,0.16916371589315543,0.1729267048337103,0.13609245678989376,0.12152752071651116,0.13570492719040028,0.12341848439793573,0.1205067916229895
0,Non-Crop,0.11271492316394999,0.27114388043444626,0.12714733448596063,0.14399654594848563,0.1915138820404896,0.13545154359107495,0.4366351126479636,0.12056760547696935,0.1457579105643445,0.12314400906941526,0.16359422647746633,0.16776994546526625,0.1572173542605568,0.10592390808226747,0.1,0.1,0.1,0.1,0.1
0,Non-Crop,0.23524468442295401,0.288928947962194,0.0509098181280776,0.23801912983411638,0.10754121759927883,0.07503587295708555,0.4338630832727003,0.23320202325814,0.27901494215253503,0.2528747123603286,0.29351365016033026,0.2799248262902632,0.23007251678570412,0.24469387091632605,0.20095616271594235,0.17405152401522908,0.18655099205615183,0.14868141190473697,0.18648186229273678
0,Non-Crop,0.1878481503143199,0.15127433679108143,0.1261005982949555,0.02517373849612592,0.17130142918617408,0.08662863862065222,0.31058718711376365,0.17252573370210647,0.18925817614837617,0.23611959514232742,0.21225118867259063,0.2250204836441667,0.19786827832153298,0.20589781444311844,0.20633759091516865,0.12397626589285685,0.10191127477311367,0.1374041988741616,0.15288508995495548
0,Non-Crop,0.23218871016445175,0.16168184836369362,0.12068035962105052,0.0410014887426431,0.19200381641090528,0.07706836043017311,0.3740982874119029,0.2520237170733829,0.25974139772380583,0.279350788553381,0.2696280724379905,0.2616153974167367,0.21301284654417063,0.23468414997174752,0.2434260763690552,0.17654349699808225,0.1528639103958621,0.19295578776043484,0.2093132938548589
0,Non-Crop,0.117625276031856,0.18779973324661076,0.14207564510547338,0.045724088141137376,0.15815888378497556,0.10334802087447828,0.4192787199384923,0.14082207535962288,0.13147722898230907,0.13918146315286128,0.16874665235444117,0.165233545678332,0.1259786284097619,0.1211753858367691,0.10807246668175764,0.1,0.1,0.1,0.1
0,Non-Crop,0.15569063807580907,0.22525487490096371,0.12254681684501628,0.10270805805594743,0.11132312232591254,0.09063664052774614,0.3970145818285391,0.18210564063233228,0.18304941603145145,0.2066389731416,0.19609986436244692,0.2117853031800263,0.22231064817274096,0.14804517880625528,0.1714917307984695,0.1258217946282528,0.1,0.15199223709447232,0.12824642659506813
0,Non-Crop,0.23602998660097538,0.23810548028633655,0.05854024842908739,0.17956523185724915,0.14498039907044288,0.12563560547436342,0.45882691234645445,0.2554711259157698,0.2597351708236128,0.26610709537497323,0.25472899603070126,0.2978823233050476,0.27443138345505297,0.22377033434668955,0.2077193517505619,0.18885468559655016,0.15749379207807218,0.1717301249357158,0.1780763631863287
0,Non-Crop,0.14442651483384977,0.23584257218130017,0.09418537080910638,0.1416572013721938,0.13467187612359113,0.1246452128857114,0.47870199427866356,0.12912526817563125,0.19178595640718915,0.17333186537187778,0.20355034388659504,0.1826356596244504,0.1569745950191745,0.13938117947454834,0.14156736114563995,0.11380689297130846,0.11491206222612578,0.10370002275143447,0.1
0,Non-Crop,0.1983153967660992,0.18497813316324244,0.13644029871943975,0.04853783444380269,0.1309368562080013,0.11941316539762369,0.30322492927444294,0.16890560574147417,0.19703127818233807,0.22487144954316435,0.2497694270096636,0.23095864277661618,0.2414200908495654,0.22590928953425085,0.1927677862065253,0.19285102479392013,0.1577554234719512,0.12603124882613892,0.1903059107583464
0,Non-Crop,0.1442052054828292,0.23568193766272755,0.12453977391415395,0.1111421637485736,0.13789559098125076,0.0802767607617425,0.39186920203456455,0.18447918382945633,0.17942148807643374,0.20156831912933984,0.17447056411459397,0.1953512082347107,0.1792803121058109,0.13483150875334907,0.12326965038788502,0.1,0.1,0.11573591689486866,0.1
0,Non-Crop,0.2241371826221053,0.21415036287362535,0.10960639311005951,0.10454396976356584,0.1089652231235679,0.08373590783572796,0.3179401838029691,0.19393635838240025,0.2436976949691847,0.26233662426640086,0.2848176908330219,0.27406767222849676,0.23009294732826222,0.25287714790596955,0.21080408204206422,0.19026492820025862,0.1750770296711477,0.16583581994450397,0.19321621313856024
2,Cotton,0.48157884735603806,0.7431103800768224,0.2557879183577886,0.4873224617190338,0.34564613877312966,0.20864575071201524,0.15014283430791767,0.5060882582623275,0.5977670322612479,0.6718361932677063,0.711427664977961,0.7029620599050037,0.6251794424741967,0.5350954849412723,0.3805055197447728,0.3010797902927732,0.23108691735480644,0.2269526395854567,0.2985862446966205
0,Non-Crop,0.1954158451965428,0.17470963441215925,0.09298312575130024,0.08172650866085901,0.12872576948770678,0.1236794568710197,0.3906832461248536,0.18991979910148904,0.17536225265773456,0.19751161629971262,0.24597118625367914,0.25315613365362505,0.23284856955428568,0.20582324771555596,0.20112187576217513,0.14678389601640374,0.16443755043382444,0.11482933376285753,0.14203987225926187
0,Non-Crop,0.14283694243579545,0.294241716338167,0.08128446280056681,0.21295725353760017,0.109804453811094,0.10268171660504133,0.31141981568903526,0.1381148622174113,0.16025448853942995,0.13642747933544416,0.1668175881522872,0.20115494841417708,0.18884567509994216,0.1131174084792089,0.10900341742663182,0.12643612502238158,0.1,0.1,0.13639603273759401
0,Non-Crop,0.1353348901891752,0.2898755929646074,0.13595029756248977,0.15392529540211763,0.17097850502239725,0.09822252303373266,0.40406472523827713,0.14750960197166352,0.1481635556679407,0.16568013645179455,0.17281419695430036,0.1626243681142998,0.19894899408644204,0.1592368371324466,0.11825964837584169,0.12451508047351878,0.1,0.1,0.1
0,Non-Crop,0.11076030156211375,0.1840137926100774,0.1431490386918926,0.04086475391818478,0.19084101072685697,0.12812906474056923,0.3038802491236431,0.13260236078250043,0.10520230565988786,0.16196389750586448,0.15562384351994266,0.14364403827622974,0.14461875524262569,0.11906149909169376,0.1,0.1,0.1,0.1,0.1
0,Non-Crop,0.17546089004074136,0.16243718720917216,0.11200013334774084,0.050437053861431325,0.13402229944512573,0.13559251895912977,0.38693562966329403,0.1649302562988205,0.18896064720281985,0.20225070354837926,0.24285911800480559,0.20673713823545595,0.21827640589424271,0.17486784249034892,0.11840246265842796,0.12621448391961562,0.10300221987022956,0.1281927307812312,0.11637571904873197
0,Non-Crop,0.23511402436760986,0.28950080666866085,0.0883567391007292,0.20114406756793163,0.14917379430189895,0.1396236249146133,0.4613415615490123,0.20598039554112824,0.25065342004666796,0.25090415842590796,0.30085576017153376,0.288950353428717,0.27222835044316507,0.19008308606630914,0.207065694698991,0.18332157059003232,0.16715642940226327,0.1788643050111787,0.17731224394736902
0,Non-Crop,0.19230217609428613,0.21179198229183954,0.14344107945712148,0.06835090283471806,0.10484642324758224,0.07102761779018614,0.4131777210203518,0.18346519754946966,0.21849118068106463,0.2684675672006285,0.22001467625931145,0.25728786182268915,0.2502155118389308,0.18678509039578808,0.16921274233260045,0.1337358663814143,0.13935644738942518,0.14362416287427057,0.17021815977741395
0,Non-Crop,0.21494561066783502,0.22469228888733955,0.08100340240124501,0.14368888648609454,0.18119677423908018,0.1367152151001122,0.4346016332577354,0.21666475842817934,0.22717380441742108,0.24637571078336096,0.2725298214071768,0.26867009331962005,0.23901012555776194,0.1696185669697616,0.1715959947375282,0.18949926433468084,0.12345234483746266,0.1906830172620224,0.2003917396120855
0,Non-Crop,0.17970099298549136,0.20995793264616414,0.1453703626491708,0.06458756999699333,0.16421102350255212,0.07981503562765556,0.3252928490807142,0.17148049425542788,0.22410472959716227,0.21419934549382433,0.27122894875789005,0.2337831127070762,0.18411094699077454,0.1841860675234456,0.14912832915788204,0.1,0.1628139059045123,0.14581763009673449,0.155088123064958
0,Non-Crop,0.10582194217177032,0.1791193155668958,0.10366075092637743,0.07545856464051838,0.19348220404438013,0.13349567750521169,0.46850690167036035,0.1,0.1,0.12351177485686125,0.15361193191201236,0.1355506803751267,0.12005562792917744,0.1488629634884876,0.10546067672048678,0.1,0.1,0.1,0.1
0,Non-Crop,0.22468687076349136,0.26501525345075033,0.08506426914571469,0.17995098430503564,0.13768106277742126,0.10335544335535794,0.3000482009370269,0.20976802823397933,0.23542731884339568,0.28182880927393483,0.2622708444198722,0.2530247717391514,0.24237780323479802,0.254115517849569,0.2074085768665494,0.1832617254909567,0.17361025490621548,0.20258186371686487,0.17442641995290695
0,Non-Crop,0.2225190054361521,0.2939388221413851,0.1292662476751617,0.1646725744662234,0.16038030788437535,0.09933415880523805,0.3080138172696533,0.22194796574543846,0.24886386404771607,0.27340294680416527,0.2540143723452593,0.2809305304877058,0.21988489386224558,0.20285987258901184,0.24769236607513573,0.17447646588117816,0.1882328865726213,0.20853859955153428,0.140952867582063
0,Non-Crop,0.21759577757583842,0.2092210924317384,0.1146046944096596,0.09461639802207879,0.11506109530685192,0.14326481005424785,0.3766117612842007,0.216324306792116,0.21254849668382408,0.261180854269634,0.28844780974354833,0.2624763208000428,0.263021687212818,0.20374118826535073,0.19953140032596037,0.16726544370867047,0.18365888849467776,0.1702793950879214,0.19612023482405108
0,Non-Crop,0.2167773820092495,0.16965219279756982,0.11009571949974972,0.0595564732978201,0.10342979013033117,0.0997566083388726,0.3309685363240455,0.207220334088546,0.21829392643208606,0.29836564861109716,0.24497742394064886,0.26238153781937235,0.2306448285154722,0.2297741718298404,0.17375051793539015,0.1957443937225641,0.20862399985317148,0.15204038353407917,0.20583974298435634
0,Non-Crop,0.16491506225622904,0.22262767474838951,0.11481021272610714,0.10781746202228237,0.1018358383999224,0.11539942214202482,0.42371702981442305,0.15385151734928365,0.1838073050584945,0.19191136922280463,0.2224428826159816,0.23287858450357793,0.15998322998380604,0.18015983327206744,0.14184246543736512,0.12934282533016642,0.12521843640646002,0.11320479974761569,0.12756630890959383
0,Non-Crop,0.13671176194553908,0.2822228729383366,0.09159136542975095,0.19063150750858565,0.1720333369165993,0.14182850353799575,0.3816080923205633,0.13824702095215352,0.13299457578858048,0.18246129864580252,0.17829871543643716,0.19931655818514843,0.1696597360306397,0.14565791540948025,0.1,0.1,0.1072372779425373,0.1,0.1007837412052652
0,Non-Crop,0.1486759973753421,0.29176836731173306,0.07826673605411591,0.21350163125761715,0.1460868735269652,0.11713044235642797,0.3324366744815755,0.182994149997996,0.17069676663063976,0.1973057680872194,0.21760030984460094,0.17792298999262118,0.18593588544624876,0.14092219565169228,0.14843332476068133,0.11386393356898034,0.10576852777171604,0.1,0.1275396282890382
0,Non-Crop,0.19267197918839296,0.26549604273099014,0.06039593759123896,0.2051001051397512,0.19623653164545285,0.1390220670554556,0.35406971809911686,0.19416920531339354,0.2430156146429926,0.19614992379268725,0.23460290918832705,0.2701179408392508,0.23385955446293702,0.2351801129576705,0.15069667594064268,0.1762757887417663,0.16403996177421476,0.11109119474865933,0.1514849171192117
0,Non-Crop,0.17245211692659257,0.28302473092034386,0.08783475816826469,0.19518997275207917,0.17497257467835434,0.05968187309872186,0.39521134043021233,0.1725993705550639,0.16685245511682673,0.20477299774788815,0.19360178895823293,0.2317954529317018,0.21670751092698343,0.14490286271989905,0.18159067045212302,0.18456029468959323,0.12449573877806454,0.11168361798894275,0.1936617124681339
0,Non-Crop,0.12646178656418294,0.2719099356457019,0.10417603199410153,0.16773390365160035,0.11310798617047031,0.12661571015827777,0.48648879567547015,0.12348284066618853,0.1606062195799899,0.16966693959068685,0.15392029375660612,0.1603946223706076,0.14162622264288044,0.1,0.1,0.1,0.10606036218707368,0.1,0.1
0,Non-Crop,0.12211808761392023,0.2417483513469021,0.10657473065511458,0.1351736206917875,0.17147023163822578,0.14377046153793677,0.4824509122202311,0.1141200878117339,0.13118600913778336,0.16209228270304257,0.18424865177578875,0.1670730763835003,0.14769851867638092,0.1303414938332715,0.1,0.1,0.1,0.1,0.1
0,Non-Crop,0.1651073302717271,0.27291417805055473,0.1405582137573132,0.13235596429324153,0.11197599664321972,0.10319329775527913,0.35690239194848883,0.16767990408481565,0.1821652797084172,0.20451063705443512,0.21785568850228446,0.2178074414550882,0.2014271316817233,0.16780961748469791,0.15525374558696514,0.12156658854083345,0.12907133441917865,0.10461225982904017,0.13129147783619877
0,Non-Crop,0.20805598190983043,0.21667199669666865,0.07562923753692176,0.1410427591597469,0.11904134960249102,0.11699534908592181,0.300080308805068,0.19909675514083094,0.2077311361222677,0.20596391562566024,0.2533190032695609,0.25623804173274767,0.2369294877442552,0.21221441107386607,0.19137763794235718,0.1906726865754493,0.15537055230799127,0.14862811663492811,0.1671564559335491
0,Non-Crop,0.1909020747904122,0.23554687617397557,0.0553576559607408,0.18018922021323477,0.11404990097955174,0.11225493962131138,0.3415647682917672,0.25269986694413993,0.22047746254162626,0.2352844767540926,0.23966214532274266,0.2461705764815111,0.2359236653266077,0.17306273771002192,0.17283324084015464,0.10767199273506761,0.13783923657472735,0.12490208918081382,0.1624086100946023
0,Non-Crop,0.14120575492107154,0.2831627287007532,0.05405857121346951,0.2291041574872837,0.19137274940064594,0.13329941385530003,0.3595141432881631,0.1417943667546226,0.17550992077000102,0.16365278543111708,0.16298416537272412,0.1888147855031583,0.16475243501637474,0.1607904487731438,0.12206842448333954,0.10746713694036772,0.1,0.13102827998019975,0.10264389894191131
0,Non-Crop,0.12906836950350323,0.18218472301392746,0.12381507548416897,0.0583696475297585,0.11891386963267402,0.10734917638909766,0.34304876410019075,0.1,0.15851022185654864,0.18812477086254187,0.15345273668755857,0.18810809287916222,0.16001968492118748,0.16809289901365337,0.1,0.1475479628125614,0.1,0.1,0.1
0,Non-Crop,0.20599637826234007,0.29109599987791707,0.08293212774825043,0.20816387212966664,0.10422004685812986,0.09962951255006397,0.40889226642983373,0.21619886548734157,0.2169803588002726,0.253974579003547,0.25110645409143045,0.24325087994902955,0.2722979561115444,0.2365960779290202,0.19119214982584368,0.12207201477806431,0.14989968791403382,0.2121107158172848,0.1661061286510263
0,Non-Crop,0.2351361595400486,0.2511280423244421,0.1133268917337489,0.1378011505906932,0.10994962261806382,0.11041739381725918,0.32419213244769846,0.2362004034821194,0.24269023606700066,0.3083733813956972,0.2508981898670036,0.2777686112211222,0.24820165545876025,0.27887620066016744,0.22956495830797596,0.1843098272672444,0.1806653478703863,0.22441509328650228,0.1809336306269284
0,Non-Crop,0.22153886957759306,0.23048672850429303,0.07782171870688222,0.15266500979741082,0.10616079852924692,0.06624984154744415,0.4790067717706874,0.19947518195293118,0.26192121656556117,0.26729860009955,0.2630130643619126,0.22891024704956786,0.2803507206838926,0.20404127069146527,0.19217414800571794,0.1908656350337167,0.1487312051220045,0.14372246027937324,0.14378290164506016
0,Non-Crop,0.22377023134921287,0.22278834062208616,0.1043405852198264,0.11844775540225976,0.1304760912797326,0.06818084656669497,0.3171820776405641,0.2059626901840113,0.260293732531272,0.24770762606907049,0.3050911058031311,0.2512157023219718,0.20445424443661236,0.2150492467573802,0.20100506775335397,0.20757718404706263,0.14972542885465961,0.1510510950737744,0.20770477314487296
0,Non-Crop,0.12901708420179062,0.18155581222947537,0.05230470884066074,0.12925110338881463,0.18967465499077446,0.07107066650749062,0.3455067753872927,0.11594782628729447,0.14525752881404558,0.15837981146587432,0.1830582837045052,0.18168932986117195,0.14072778966333865,0.16149439112492464,0.1,0.1,0.1,0.1,0.10016589733841878
0,Non-Crop,0.16557221575675518,0.1901810374226161,0.11040049977395,0.0797805376486661,0.18713335923402827,0.14989046997630767,0.4215525537486849,0.13775433313157975,0.17989666118271058,0.2047884332903104,0.181664716007541,0.2253005344030115,0.19092112243677797,0.14481631894110739,0.11908958249745283,0.14974536988979098,0.10907944923058595,0.1414330426027265,0.1617383090762899
0,Non-Crop,0.2226856265248659,0.15575457920335517,0.1370797172338113,0.018674861969543877,0.15127498997939298,0.08982502348634128,0.39943345614353715,0.21964627887854513,0.26785977982850145,0.24688425538358647,0.2648010764769196,0.2646278277951304,0.1946189561326941,0.2631685784366088,0.1871189515424414,0.19496021040892547,0.1720750979186469,0.19989179391889617,0.19552973269490792
0,Non-Crop,0.15959369394188586,0.2005271552170729,0.10694823881365917,0.09357891640341373,0.18611135200614257,0.05783382177620067,0.31451495960894216,0.15162355558423557,0.19328839570141348,0.21178448137909256,0.2492863359309727,0.2083198921608815,0.16826714963687767,0.16433576468656588,0.1542058450998324,0.1416667494050635,0.1,0.1167216145985652,0.10637157911340393
0,Non-Crop,0.14278665134601498,0.1858816632051328,0.1286975799381201,0.057184083267012714,0.10563818538532316,0.08693826475825851,0.4011618445184659,0.17625548905847468,0.17559286300377627,0.20940089252738725,0.16104932186003432,0.21314282589440417,0.21734023677176778,0.123425084641462,0.14067552585960932,0.10496872547436442,0.1,0.10469811704989546,0.12418169916424236
0,Non-Crop,0.1526463435889137,0.21069806124728252,0.08936818859906129,0.12132987264822123,0.11918731844045016,0.05612166581435721,0.4181832185654454,0.16670764652373574,0.16606391663078468,0.19985904159298742,0.20487272653235417,0.23279987676594552,0.16306513229210606,0.20387072581500118,0.12322018514964062,0.1,0.1,0.16950291282849295,0.1352734320107666
0,Non-Crop,0.21032810586903716,0.2495687435912166,0.061338709555257255,0.18823003403595936,0.1720616290663715,0.10003051563545148,0.47881990722123186,0.22404526224120555,0.19122477132341809,0.26134128944962903,0.24743113869633931,0.2888591699538918,0.2527134600320169,0.22218126118901646,0.2025151443515606,0.15251916404610638,0.1939167337963434,0.20220930050421831,0.1829093598014819
0,Non-Crop,0.20960185172925855,0.22827934429982683,0.05741761955943123,0.1708617247403956,0.11920162509679488,0.13399982232439428,0.4449825493248879,0.22837632405402172,0.20911035237128023,0.25781441597190385,0.23473662303221998,0.24936847611299331,0.2523288516569174,0.19615117432160287,0.20324943683533098,0.14179434725454543,0.18359174232523506,0.14836689435399467,0.1537824869663633
0,Non-Crop,0.2352874161756824,0.20957803294756933,0.07452793049743674,0.1350501024501326,0.1448407841015933,0.08205361668064956,0.4488838507626652,0.23411300763358983,0.2681894232447068,0.2813531737841329,0.30704575645631466,0.2903323503848217,0.2479848317869381,0.285914660058509,0.2216349240579661,0.19450048687785587,0.205689418753539,0.19233022136112696,0.20799496375594936
0,Non-Crop,0.19048332034869456,0.19883716987785172,0.14835972997387742,0.0504774399039743,0.16673511630503962,0.054384685249662994,0.36532438114960175,0.1794254016748203,0.21752807769018848,0.23168628025899607,0.23206402194435793,0.22189503678764563,0.18230031850487366,0.18306324586465453,0.16269825603899413,0.15566781702663499,0.1808685321590698,0.13021798274526927,0.13473168699523155
0,Non-Crop,0.11083440224087168,0.17211795138992692,0.057324560410739016,0.11479339097918789,0.1812317332714119,0.1252409233212009,0.45066258637585144,0.12991610428400424,0.15917528346851556,0.19694822997445882,0.1535873105986933,0.15849070518371294,0.132429240781109,0.11792993953898126,0.12395270796911692,0.1,0.1,0.1,0.1
0,Non-Crop,0.1513501123691486,0.26546584610783786,0.10613558241893378,0.15933026368890407,0.18828364906780792,0.10278121082956207,0.4035259656795934,0.18211672115019967,0.18493176286152324,0.23984374153077953,0.213294422532711,0.1786560694399804,0.18048825343531494,0.17363955649804202,0.15033003409706888,0.1,0.1,0.1,0.12676396835975282
0,Non-Crop,0.24039912685026665,0.25171837523049695,0.09144298124670366,0.16027539398379329,0.16895342089054152,0.08439796363163701,0.3554516832698372,0.21366775684396824,0.2911035509356565,0.31344546199114226,0.296678207739446,0.3102898971052537,0.27300190166706917,0.2455528942992447,0.2161992130847104,0.19635118225731893,0.1605665898408312,0.1977380083892565,0.2043154323674662
0,Non-Crop,0.2396249296263711,0.15080234830413342,0.12482388061809001,0.025978467686043408,0.19030506531025154,0.06397205669789541,0.3192251703464303,0.25369119085552294,0.2611497389139264,0.3146258467882659,0.34033207589094966,0.29921442046299657,0.2741083601057501,0.2591725762157093,0.20006510652421722,0.205386914210283,0.17612193160414408,0.20187825423802078,0.18982072718830856
0,Non-Crop,0.16950865132069692,0.23991458130414323,0.06712734106662396,0.17278724023751926,0.1741637818617621,0.08026403406368146,0.4324743719825507,0.1791203864892512,0.17602014891312,0.20744250877912437,0.1987628951479535,0.23142053207989607,0.182692651437103,0.18760393691032684,0.14508752937096928,0.12937907911932325,0.12358726358544465,0.10632594415436303,0.13843897731299507
0,Non-Crop,0.20699825942519084,0.24891348702748745,0.11247006694066079,0.13644342008682664,0.12825408636624436,0.0878024949434402,0.3205892289400572,0.20764334400641,0.2673016596265104,0.22899481412496797,0.2735680032082596,0.22903304260308255,0.21210999493357396,0.21462352879656732,0.1898936878605043,0.11251176829040935,0.18131367932944595,0.11626976320341688,0.16880249442440523
0,Non-Crop,0.10365864896651451,0.23721373423036307,0.10489325244993375,0.13232048178042932,0.12193204012113822,0.09288874313502105,0.43045280118875406,0.1,0.11021537046384984,0.16022403378137182,0.16250310738064605,0.14595276645946947,0.11522187493893304,0.11256218520230635,0.1,0.1,0.1,0.1,0.1
0,Non-Crop,0.20913689832024163,0.21774584932782567,0.13567299465058974,0.08207285467723593,0.19440947859303648,0.08359461533789339,0.412138896275136,0.18227439296735082,0.22519616778553764,0.2959775107960537,0.24023256469106702,0.2359840647874618,0.26960909326304305,0.22009104282848252,0.21265773748173544,0.15675478275132593,0.15822767548240574,0.18750332183084958,0.17096306450700605
0,Non-Crop,0.22482436805936776,0.22410175058989584,0.061846170509448184,0.16225558008044766,0.10136398458358811,0.08032195467185912,0.4395980942995585,0.21134856594617824,0.26794638825517325,0.21264566602355384,0.2717100035262707,0.24167261536815843,0.24521689923589512,0.22590396668177704,0.2001203191167366,0.17593901825171918,0.15400498918353664,0.22271637966258456,0.22689659186407518
0,Non-Crop,0.15805750179023303,0.2470833425096783,0.05447683886884869,0.19260650364082962,0.10540476273497267,0.09572304196195444,0.409924460221207,0.14798071671247942,0.19324182911201868,0.168026710716709,0.18939124928192907,0.18180392254572442,0.18177668885043616,0.19354515932667987,0.14085484173150825,0.11095609814015626,0.1,0.1194463921538477,0.13858079369127702
0,Non-Crop,0.13865434722837694,0.282739012026745,0.10770204016905582,0.17503697185768918,0.12211476101106934,0.07691197526380103,0.46062661778724917,0.1444784023311376,0.1553541582602865,0.17704724848479172,0.13877265540733302,0.1796835904953383,0.18796534048173585,0.13308229652003914,0.12216571320820227,0.1,0.1,0.1,0.1
0,Non-Crop,0.20681079883718956,0.1767676011147562,0.057958814737204246,0.11880878637755196,0.19403970339455442,0.07606663825621017,0.47066929952174474,0.21423887952565018,0.24068967207396944,0.2567466411987451,0.2485944498162244,0.26237989066018746,0.26486181414271726,0.1893570296558064,0.17247043674187243,0.16951578671900472,0.13680981214057406,0.12279651041948741,0.1933962420763091
0,Non-Crop,0.15452716860539,0.24615090859810518,0.14012592077965633,0.10602498781844885,0.1163920262046945,0.08814088099031234,0.32817372079017226,0.18285540443939585,0.19396324526891534,0.19344396764897964,0.21056775920836915,0.18798432608925197,0.18724384960189486,0.1630499039039461,0.15636340513453606,0.1360306062887726,0.11553021036624805,0.1,0.13408659821467295
0,Non-Crop,0.17026918556306297,0.23974591135440282,0.053097060342251014,0.1866488510121518,0.12748956582570878,0.05327998742768961,0.38406707783909977,0.14947650670656737,0.20266216229766926,0.213072178336542,0.23836448107326424,0.23194561531094715,0.21820694714910072,0.15896111850903646,0.16554924016264388,0.14573449092346846,0.100971419715671,0.11595064698536126,0.10586992735496402
0,Non-Crop,0.21759287771467614,0.21798926587887896,0.1292189938275245,0.08877027205135446,0.1838621796198057,0.11547757512842602,0.345685170461684,0.199010150904481,0.21888375092618712,0.2527309954197367,0.25575177257590503,0.2586257551682595,0.2186968522293756,0.24382520424702295,0.22260744222052373,0.14080590346646343,0.1882855279447523,0.1534360913850867,0.19945537217581227
0,Non-Crop,0.10595668113583709,0.2759112056413908,0.09481708470213185,0.18109412093925897,0.16366929143579417,0.07212378198066836,0.43541474253168955,0.10291486341290111,0.16084262090911755,0.13167614733651045,0.19991515382376426,0.15131604053494027,0.15539453910068823,0.12107157300890252,0.1,0.1,0.1,0.1,0.1
0,Non-Crop,0.1786654518786624,0.2709145121941121,0.08534774751283788,0.18556676468127423,0.16422096370026973,0.07456315740488145,0.321855889073632,0.176374263329212,0.20431861657387648,0.23455722026690107,0.2196440644454553,0.22691089695900898,0.20768660127737917,0.16720365420383276,0.1588529567125527,0.13795213651532362,0.12648733469534662,0.13135442727713448,0.14490190641241052
0,Non-Crop,0.15964524785991296,0.2004469091257433,0.073448400678317,0.12699850844742633,0.1480648028312409,0.10518287335341685,0.42635496873055106,0.15937859091918372,0.17676239371785785,0.1897255240131278,0.17023935403069748,0.17045264616828446,0.22759126969046295,0.19817324104755804,0.13059053137695115,0.13996510621816569,0.12089715747659874,0.12418479325973288,0.1
0,Non-Crop,0.15546067163090332,0.22290863128540211,0.08137821433057288,0.14153041695482924,0.11418443976169852,0.07138012106627328,0.3211027292802402,0.17783856358951672,0.20492051709486508,0.19410074779280248,0.2273051184821424,0.20807877030480917,0.18667439829335258,0.18064755517609596,0.13936655121118063,0.15877677040746216,0.1,0.1,0.11765327741330472
0,Non-Crop,0.19065710786242124,0.17978142883023024,0.09948284566214202,0.08029858316808822,0.17423102455337244,0.12704117870686438,0.3999236823997524,0.17124942822739617,0.24917942564504503,0.2521888785101808,0.22204747791302365,0.222756599206823,0.21008445839397327,0.1610418239856728,0.17832738145935786,0.13523804303206777,0.1477116284077925,0.11689202912275996,0.17384035632179162
0,Non-Crop,0.11904040865112646,0.2900423066752641,0.1367354639115358,0.1533068427637283,0.1233609032036237,0.1278371904545491,0.42171431863479486,0.1173953346576974,0.14914070284060343,0.15235921144343478,0.17255495563378512,0.17329500095258077,0.1469978189072368,0.1,0.10813066519326338,0.1,0.1,0.1,0.11328097538268617
0,Non-Crop,0.10333042194817756,0.19555857774477386,0.14210694862995815,0.05345162911481571,0.13209354383194405,0.07522528338551704,0.40684408198624944,0.11477812659433562,0.11009030308993648,0.11706524301905935,0.11983827351620577,0.14447320586579526,0.11292354190972334,0.1,0.1,0.1,0.1,0.1,0.10463999894020351
0,Non-Crop,0.22240502534531026,0.27038411222274417,0.09863916280888937,0.1717449494138548,0.12984506611477606,0.11380927257964524,0.3576304271554806,0.23808795367238023,0.22841575774903122,0.2491576705376971,0.26305443366554687,0.22281402879196754,0.2590479960193196,0.224004134821501,0.22426936561218644,0.1625967162206628,0.1611460604970568,0.144328306451371,0.1670421977969056
0,Non-Crop,0.14343740570060906,0.2365799619633842,0.05658921650319727,0.17999074546018695,0.11912891566965145,0.09074052716113487,0.4873898507817391,0.17368801974666007,0.1447774304998926,0.174228658928772,0.185903503002603,0.18585227563888693,0.16644139628775706,0.14395983478542268,0.1190369934484148,0.1,0.11442758984950957,0.15271392332012582,0.11412581151410923
0,Non-Crop,0.1442663290276428,0.26001027740023586,0.13712769881211573,0.12288257858812013,0.1192581632458528,0.0597618760535149,0.4795591612784052,0.15813068106081687,0.12768406052443598,0.1686190733284701,0.18748949076084803,0.20379400431364786,0.22415854590727052,0.1467622148944418,0.1,0.11447156580627235,0.12180973893520217,0.1,0.1
0,Non-Crop,0.2189055108671127,0.24436763679514,0.06526581645407838,0.17910182034106165,0.1710173266590161,0.11773418460815163,0.30488537658812664,0.18401421182915198,0.2244437254017576,0.23888453400555404,0.281966422587542,0.28033734323537896,0.2523405593066203,0.20058767173324263,0.23709828996116564,0.17274118182492454,0.1820986251898886,0.17194579386794698,0.1878017642535914
0,Non-Crop,0.11283993292341525,0.17751868271382976,0.1258403673034203,0.05167831541040946,0.10219865220393237,0.1316877985893783,0.30278980373838227,0.1,0.16530376449517029,0.18593838749236466,0.18036041210560227,0.14307304696397494,0.1366432610414649,0.1228044776745238,0.1,0.10884673960728293,0.1,0.1,0.1
0,Non-Crop,0.10396703538965013,0.20033358025449857,0.1476020157524494,0.05273156450204916,0.1873555576227089,0.08293780670342177,0.41755908101327444,0.10001968324946034,0.15128249399280344,0.15606400991981834,0.15406368912624444,0.1404497573543479,0.13793516008668724,0.1225680032401541,0.1,0.1,0.1,0.1,0.1
0,Non-Crop,0.21824128122562444,0.18885527161550206,0.1208676719965507,0.06798759961895136,0.12148546064249982,0.0540330161051513,0.3402273085180755,0.20790899725042228,0.2217474936883229,0.26591573731996737,0.21462468799274437,0.228686641078804,0.2446150507553366,0.22694611696131467,0.19331574443797966,0.14881243048587606,0.15300693849959948,0.1781192540372154,0.19459990035967212
0,Non-Crop,0.17424741920686915,0.16963968781901662,0.11962214361212724,0.05001754420688938,0.12060737799371753,0.09412296690917168,0.3130001577897777,0.17145144082665414,0.20065027614786693,0.2495720700695444,0.2193029568799535,0.24407083338764352,0.2137709662987677,0.20967147053059418,0.14993954212609176,0.1503300192808641,0.12418555287160749,0.1,0.11717353122794005
0,Non-Crop,0.2232366537641257,0.2331733671481756,0.06797978134950754,0.16519358579866805,0.14677582309575796,0.14680725029096783,0.450597238607837,0.2660967948558239,0.2378126414075931,0.26848532402327135,0.29623153648335093,0.25653164703078574,0.23300290270488094,0.23536740010261573,0.1698359644213969,0.17963840746137086,0.17926092116717895,0.1698914020944655,0.15709061862189116
0,Non-Crop,0.2145415719421238,0.21709986399992814,0.12898646210355386,0.08811340189637429,0.16183463070454576,0.061309973942382245,0.3312662876785677,0.17385659475190535,0.2136678642429515,0.266896083996248,0.29542893313747987,0.23718171894651333,0.2367099434931912,0.22962685518245707,0.16795244261588888,0.18713527236834707,0.11215137307814424,0.17644014749826398,0.15936285630584737
0,Non-Crop,0.1386909260180351,0.223727133874774,0.14755273290209017,0.07617440097268383,0.13332417405507277,0.10950463449237612,0.31803914004004885,0.12294744461829517,0.16672939214822058,0.19439934343473275,0.20781573306423984,0.15963221020306553,0.212547454322812,0.16109651331211108,0.12111748156017281,0.12264153291417149,0.13712257557477972,0.1,0.1
0,Non-Crop,0.13622593402840918,0.22645847574053476,0.08799599522597526,0.1384624805145595,0.1448485228002634,0.14806482195640497,0.3700544741338655,0.11442123242469417,0.15735224238582363,0.20859377551869207,0.19431417506700793,0.1863480176089848,0.14344745080929278,0.1267922283183323,0.10374821877648428,0.1,0.1,0.1,0.1
0,Non-Crop,0.10960652857971828,0.2793651195211735,0.1461499679237147,0.13321515159745878,0.12467474206673809,0.09500952685908592,0.3044268902058994,0.1,0.16951110954342877,0.13461016821888627,0.1460925396372512,0.13550524092455243,0.17549973752767845,0.12772063355470128,0.1,0.1,0.1,0.1,0.1
0,Non-Crop,0.11725164052421468,0.2542231094807581,0.09415472888798304,0.16006838059277506,0.19449847855558433,0.06416113506178993,0.4285666781631476,0.1265805565410108,0.1388127535191069,0.1639503447082912,0.16542492635791478,0.1571724495586651,0.1568690633217807,0.11618581834937676,0.1,0.1,0.1,0.1,0.1
0,Non-Crop,0.2309881535037509,0.2557366699097004,0.0585200477559662,0.1972166221537342,0.16500924511399315,0.11536564764056204,0.4912442347287255,0.24970927686247124,0.2704981644925914,0.27367123102255836,0.2629178427107285,0.2633940217283934,0.24991597351618805,0.23173882722841915,0.21881000067106496,0.20745151654091565,0.18108927376018852,0.1833644355286034,0.1985772633252314
0,Non-Crop,0.14741573319113435,0.21367392490148027,0.0809324224358223,0.13274150246565797,0.1280635579876516,0.14722297092163575,0.3306729654831491,0.16290734314576918,0.17496929034871384,0.17205723846838317,0.1855351644219139,0.21912229285456297,0.19606138910027118,0.13211052503449117,0.1531470889991799,0.10796303225674174,0.1145314598290044,0.1,0.13585530088745826
0,Non-Crop,0.12351444213989421,0.2139609084737959,0.1037416938599807,0.1102192146138152,0.10225043274286866,0.09441130051754064,0.45627124367904004,0.14496527813134938,0.17606092231083975,0.19427418476733055,0.1790842833378083,0.1297135305243988,0.16265454665316934,0.1515384402991584,0.10435393864670486,0.12056599477600277,0.1,0.1,0.10996504008549138
0,Non-Crop,0.17704500758929764,0.270456828701382,0.08736502963729842,0.18309179906408357,0.1388121456768497,0.059569011605800117,0.48291688704434954,0.18213132012037184,0.18698127567689207,0.1847747741624849,0.19533244293224034,0.21311022746398156,0.21086720627071504,0.21221526901260754,0.1691902616917535,0.13157679221447294,0.1357674928594988,0.13491014556791386,0.15655889545469684
0,Non-Crop,0.17279210756652974,0.2313050017645803,0.1419038277028671,0.08940117406171319,0.1899909543354672,0.0948160873369002,0.35488252632713635,0.1414323422553244,0.16691413909662003,0.19483936372296523,0.20422307878809992,0.19916461686881262,0.2130800937806358,0.16972432674781637,0.15166265468459914,0.15283663829115202,0.10858915118764637,0.11955497585927838,0.14483029100986847
0,Non-Crop,0.17054860719058096,0.2810362958639601,0.12627990528758054,0.15475639057637958,0.151307721836805,0.11707472004717734,0.46947101078187337,0.17050249144316446,0.19428697314410803,0.21742444638541303,0.22856149103791631,0.2502415136475477,0.249937536051035,0.18340982370164532,0.10994392436522729,0.11367359295935014,0.15790203894476146,0.13697544602253897,0.1437925206569613
0,Non-Crop,0.16773205342261366,0.21120301369276215,0.1187464804049728,0.09245653328778934,0.12498674652579295,0.11402509149522762,0.4754978483462976,0.18421411135972776,0.18842034209838832,0.23384423605379936,0.21778257160545783,0.21435420571243285,0.19234380796256326,0.18847706337833559,0.14176891570587438,0.1494205562011786,0.1,0.1,0.14620357224662414
0,Non-Crop,0.1613874360678096,0.19337897279488045,0.13089777496137084,0.06248119783350961,0.18003641884553453,0.09570239521926255,0.42130244506464376,0.18475080409689154,0.19280420519879055,0.17065626797493502,0.2003058806634804,0.21210286765556016,0.1572237091070821,0.12696531637137004,0.10862342311059572,0.12872998440409994,0.10281758500988594,0.10104210838838029,0.11439798308597544
0,Non-Crop,0.13416675124267022,0.23757874009620228,0.08714633393344715,0.15043240616275513,0.14489117225927903,0.10371693216040288,0.340707104496361,0.1,0.12851511368044605,0.17619292216040888,0.17316936265101188,0.2194723553031405,0.20076828936835556,0.12386430239064052,0.12777034222625885,0.11131227761486283,0.1,0.1,0.1
0,Non-Crop,0.1488255007189203,0.1715531437776319,0.12099330734342463,0.050559836434207264,0.15337254136714445,0.06438344709903109,0.3018483176811029,0.13912641218295504,0.18202713857669273,0.1583410930276741,0.21990602286686936,0.15985672056166528,0.1947168373661468,0.1542630020562776,0.12887328047964353,0.10498008159514728,0.1,0.1,0.13027888756118036
0,Non-Crop,0.17784060463971352,0.2408639234038458,0.14628704940018095,0.09457687400366485,0.1589470803093247,0.09711725593781417,0.4146803251795408,0.15543224626098573,0.18671455763848524,0.22055701681939957,0.19319993147366477,0.22375226076736976,0.2416351545131848,0.18792475285520244,0.15444773407572698,0.12763727090064456,0.14693433284748997,0.11337773544179562,0.17949150677317888
0,Non-Crop,0.22678383372411098,0.22881479974644633,0.11915055458135944,0.1096642451650869,0.1883349701022104,0.09957170100782756,0.3626501480977644,0.21109032597270097,0.2649760167422684,0.28867654670521903,0.2706179625986584,0.2589078755496213,0.28783345683962747,0.22177688278683047,0.18535392219890495,0.1722902858983357,0.16680734007857193,0.16161035893196307,0.20841464511115285
0,Non-Crop,0.15787891702541637,0.29731160679534463,0.08910922441482205,0.20820238238052258,0.10799824827967548,0.0589825752572084,0.41815074427061294,0.1283536661453808,0.21796168260936283,0.18728701217160576,0.2058184642918813,0.22356058306710674,0.25838362798202386,0.14004518843063243,0.14933629991546557,0.10588774655413782,0.1,0.1,0.10008880139088508
0,Non-Crop,0.17378139391912356,0.15294157987113804,0.11713680088967957,0.03580477898145848,0.15231581498176416,0.1398638928301103,0.3328785368656828,0.18522390827129137,0.20967129779011703,0.21052268289392764,0.20405882733537764,0.20868198496341198,0.18949835132002354,0.18868200783320824,0.1232166040621679,0.14779194354547204,0.12256009624714821,0.14050214483974738,0.1240262138575185
0,Non-Crop,0.12146220931259709,0.27868337778693597,0.08088608992364632,0.19779728786328965,0.16588554042268422,0.10664436850866266,0.3943512618781749,0.15648072815113995,0.14480311597624518,0.1686832206813389,0.15872003058385603,0.17557413493788798,0.1370421785033455,0.1,0.1,0.1,0.1,0.1,0.1
0,Non-Crop,0.13873965368307453,0.22211792522695908,0.14920159693968355,0.07291632828727554,0.16866504233540375,0.13413567713051985,0.38296952131210915,0.13373493036993303,0.15635512633503845,0.20292749444033523,0.18234312075386597,0.2100455976689011,0.14297046898051746,0.1593527335828885,0.15412707645250268,0.12105666686677638,0.1,0.1,0.1
2,Cotton,0.4254364907265022,0.7108522575754086,0.2878530749207156,0.422999182654693,0.3452751991339343,0.2650296974073508,0.18290057296622328,0.3961369958044044,0.5319237771604894,0.6158423443730956,0.6397245403210658,0.654651398784692,0.6111763091092306,0.5140545971878692,0.3396837995458222,0.25856949240087057,0.18569585406879868,0.19568308595608183,0.24220843631135944
0,Non-Crop,0.20986819437005946,0.28996698317529795,0.11571976616400621,0.17424721701129176,0.1439029243980448,0.0544881016472718,0.48402276266452576,0.20027405957890299,0.2332344180657612,0.24820107103295988,0.29883716764548796,0.2495167734571918,0.23214496275574423,0.2192904177353862,0.17845821519633476,0.17426006394269333,0.20842376009016,0.16791589174792437,0.1798560965260715
0,Non-Crop,0.10191347195611458,0.25428444836216035,0.09179992169203516,0.1624845266701252,0.15655574832263872,0.11490806020188844,0.37004732286541536,0.1,0.11245033310116317,0.11890380145659733,0.14068788725543513,0.11933095762892218,0.17365896461596195,0.10852075131949648,0.1,0.1,0.1,0.1,0.1
0,Non-Crop,0.11494958831151639,0.19087007760496438,0.13317853001851593,0.057691547586448455,0.19804707977830713,0.09938470147415612,0.30194007098460846,0.10664869630276369,0.12212703203450158,0.14199802567801775,0.1676031938357994,0.1572051886164596,0.15541938938470548,0.12305284665857501,0.1,0.1,0.1,0.1,0.10648070043528116
0,Non-Crop,0.1830592347097542,0.2979621027724333,0.1232290567425696,0.17473304602986367,0.17769463883925213,0.13724628150836743,0.3431279525451698,0.1823573053740623,0.1899518534707632,0.25094199877767603,0.2340379688905587,0.2694982712050153,0.18047299651095536,0.17897965965588022,0.1661728500590906,0.16796673189693606,0.14217211627854304,0.1413224760602123,0.12523694258015167
0,Non-Crop,0.12462774460845381,0.1685195360596104,0.14800519429764847,0.02051434176196193,0.13937191696530377,0.07274217287235293,0.33426490889087496,0.14555288887719725,0.1806432493132975,0.15275562023945236,0.17936162098128355,0.16523105482815376,0.1718287850046918,0.12391342456431806,0.1,0.10686143406529744,0.1,0.1,0.1
0,Non-Crop,0.21722846942996007,0.28962115085171425,0.07457503121858879,0.21504611963312548,0.15769591501209793,0.07745445847404446,0.4648188980968748,0.21747186307561817,0.23934225633230916,0.23387104825250923,0.24404153212536714,0.28204923015131267,0.2551319197851918,0.24528545066402196,0.20618247275552945,0.18224815736074798,0.1338317511733699,0.16387492176157978,0.1814037667433656
0,Non-Crop,0.19922864862192624,0.2387871606628605,0.12362798987834214,0.11515917078451834,0.15713395284530773,0.05667502548507569,0.3232891048169423,0.16816298357138665,0.2365189023088177,0.23866212080523563,0.23333901585780262,0.20611989126595348,0.24138799680717732,0.2237904500932502,0.2085299422573102,0.18491833260923046,0.13491794899750398,0.17709654519501192,0.19187858242164355
0,Non-Crop,0.10170845021328292,0.25447607752153334,0.08760417911091564,0.1668718984106177,0.19426097101586556,0.13179847710772052,0.4175388939062624,0.1,0.11264195549286546,0.1376027991617196,0.109491543568179,0.14993488972291796,0.1,0.10982563687492868,0.10147508395150692,0.1,0.1,0.1,0.1
0,Non-Crop,0.18673446792542706,0.22471945112759706,0.1079536369149981,0.11676581421259896,0.1286660581287023,0.08669578318169953,0.31677959212578183,0.1615740697001003,0.228288511336428,0.22792951450671944,0.25835828826951307,0.23570424314736238,0.17802559558708736,0.2157213242479247,0.12893529389475245,0.1114962895017024,0.11951390843953949,0.12071114335322342,0.1793778789545371
0,Non-Crop,0.16814060865406377,0.2579337619898152,0.06074532164418866,0.19718844034562655,0.18461191855551118,0.12357179867781098,0.34234335569239316,0.15942481406159106,0.17528289530169375,0.20065736088038277,0.21712322734060646,0.24044908262024492,0.15938246095007005,0.17565822223606556,0.16309951916266363,0.13416945538850328,0.1454614061594796,0.11870748832573637,0.12917256353182527
0,Non-Crop,0.24258909488966865,0.278869553962685,0.07283556141788476,0.2060339925448002,0.12201098300191636,0.07011729671139008,0.48449977926050064,0.25080889894721864,0.27710610261371776,0.28668719868676135,0.2428910818373129,0.25501560256711703,0.26773406566572405,0.23961570682549255,0.2251573410819077,0.19536100687556274,0.22434543832939455,0.1487640494595813,0.21336463124174535
0,Non-Crop,0.21762807688481195,0.26449277853047387,0.12226117248344495,0.14223160604702892,0.12045043386927959,0.08379699792404788,0.393969086996735,0.24098291539536754,0.2260984545546973,0.24261175687044567,0.2594415088542802,0.2685376827326438,0.24640627587356773,0.23564541578194872,0.17329912816975776,0.16494022471080083,0.16643162955512644,0.20763960900482914,0.18007480983801719
0,Non-Crop,0.23081590956198716,0.19334055249863738,0.0586249171303965,0.13471563536824088,0.19365656116580063,0.0878196349528219,0.4152811102907267,0.2180476611885964,0.2760089190553746,0.2589033900203319,0.28898316687753556,0.261111148920775,0.25182847869694647,0.22652463385283841,0.22601015125142282,0.1970073870805826,0.1839165925789527,0.2330196005860069,0.2303328414258689
0,Non-Crop,0.1488835215090464,0.22134825463873756,0.11028075322667594,0.11106750141206162,0.19859915721706595,0.14377645593182242,0.47243059165862433,0.14724563391759654,0.19267862069778988,0.20590597017798234,0.20471579465972603,0.20335150552926345,0.1767199597254825,0.19144933889684074,0.10176043975741007,0.11383643022796792,0.10130750824956716,0.11720291589718135,0.1
0,Non-Crop,0.14028357109309617,0.26649102596945856,0.10522222801738465,0.1612687979520739,0.1660973820649676,0.0822901068577901,0.396254790365521,0.11273204349180282,0.19825754623130507,0.21715042537290002,0.1918640017979637,0.15034355891487056,0.14846767322528187,0.11486420445509798,0.1,0.14297949370643787,0.1326054233781308,0.1,0.10483185529662459
0,Non-Crop,0.12536558506309772,0.16892036794436477,0.14326457173411677,0.025655796210247994,0.16049500131477043,0.11594900581245843,0.38035873406667275,0.13026787075055007,0.16387274292134393,0.1548761463083797,0.20096797713321113,0.16568940822812053,0.16084024253816617,0.1137594639223489,0.1,0.10128956642675896,0.1,0.1,0.1
0,Non-Crop,0.219691478387995,0.23446898908380703,0.0505770661292968,0.18389192295451023,0.14293227657041954,0.09078849268503589,0.3227890538889087,0.24349820520018237,0.26441197738838457,0.28112450251387655,0.2882836043025946,0.27389100084057577,0.25763922886285273,0.23164248532468384,0.1938146114024637,0.18352534159490877,0.17512696617885748,0.18440863672115912,0.1864195918503786
0,Non-Crop,0.1898940349465718,0.22145074402415493,0.1432846221360299,0.07816612188812502,0.10760847267655073,0.1001119700825348,0.43739048827708765,0.19762575954467565,0.24105126386407807,0.2290247940906845,0.22663630286078043,0.2528387013079935,0.22138642707344303,0.20060992434247038,0.1556694467007315,0.11770046721390746,0.14574037726089897,0.16004706204329888,0.15010088368653138
0,Non-Crop,0.21052252477445504,0.2213913326321586,0.0622583156507183,0.1591330169814403,0.19279342012370215,0.09540965933775367,0.44689740806448075,0.20890204803967904,0.2340464244670984,0.25241674749957504,0.2414486932034442,0.23424218243025208,0.26544128341061196,0.23937426546153176,0.21443377767351948,0.17129483267025206,0.19948625429099412,0.16212693150780677,0.19250303197393026
0,Non-Crop,0.12990712285159406,0.19614826310345046,0.05423344925183034,0.14191481385162014,0.163353529361617,0.07485357439270929,0.360831050897093,0.11559686314188948,0.17630838401880278,0.158760170999439,0.16948309805313133,0.1662380418924132,0.16661060033298028,0.1460881130251581,0.1,0.11249970236274981,0.1097579776532143,0.1,0.1
0,Non-Crop,0.14337673807846646,0.1964647971214355,0.10218844619274783,0.09427635092868766,0.16637044789262562,0.08811005136118141,0.44389404626267626,0.11834466622917157,0.1477924507894996,0.17700884961706737,0.1939814860451924,0.18582287708287068,0.1578365259139317,0.1521870386678151,0.1293452991847844,0.11958214186410161,0.12390887825546237,0.1,0.13240933367263952
0,Non-Crop,0.17680350836631392,0.23232626333902107,0.1038326372009912,0.12849362613802986,0.15650737914801055,0.1448704918239181,0.48044912461924627,0.18163954979742888,0.20680292669214642,0.21814545680917183,0.19192216537958665,0.22262932475696248,0.2309406066223557,0.17186670887288322,0.16750340696306912,0.15599520451878146,0.10973339369680957,0.11983123734628369,0.12116826227825114
0,Non-Crop,0.15247925413337177,0.2562486073616955,0.0867847181142801,0.16946388924741543,0.15552633226079404,0.059993187705440966,0.46100353864692556,0.1814809949768868,0.15104589428303097,0.17702492850427143,0.21596085502330098,0.2033522881588168,0.20030261006046574,0.13397000195121364,0.12920398456222,0.1022975651837666,0.1,0.11645098957062217,0.13606326678698807
0,Non-Crop,0.16618016533193986,0.257471439396325,0.08864937228639137,0.16882206710993364,0.12112629169381965,0.11326770348413599,0.49520278511975885,0.15831140740644883,0.15196749308260515,0.21766337449491682,0.2555018042437866,0.220930061435684,0.20828648291820795,0.18468507185803526,0.15658193734510686,0.14697335990390534,0.12521113307239834,0.1119804082057174,0.11498337085324518
0,Non-Crop,0.13024828169003383,0.1617363147870034,0.1288118939945219,0.03292442079248151,0.18354861556432964,0.06626522181899006,0.4708691965565431,0.1344795783539188,0.19357037354416118,0.1664212838881455,0.20425477941632073,0.16332042455298862,0.14254559564877678,0.2028322689952872,0.12350960424533769,0.10375842615042968,0.1,0.11044806208756867,0.10312746570386931
0,Non-Crop,0.10750967906399415,0.281045073395205,0.05755544937627696,0.22348962401892805,0.12466884297439973,0.11953189496243845,0.3818895875254618,0.1,0.14547024093211836,0.11208308055495024,0.1809841989879926,0.1740187735244194,0.13938196847513806,0.11002683014422902,0.1,0.11544536751620352,0.1,0.1,0.1
0,Non-Crop,0.101216229532932,0.15138787836538534,0.09605660075622557,0.05533127760915976,0.14883349130043347,0.05225696965734427,0.4373854833548605,0.11148893021023504,0.1,0.12598958591310996,0.14074404740434915,0.11820122388029586,0.1212652850169654,0.1,0.1,0.1,0.1,0.1,0.1
0,Non-Crop,0.17017036180560088,0.16063075509823102,0.10981824455420024,0.050812510544030784,0.12644042979296455,0.10276244568387077,0.40349220187685825,0.17199372473892965,0.20990572155175477,0.17663139758784593,0.25009979766191537,0.23115980324136712,0.19041530011177404,0.20196997821437443,0.14754167888821304,0.12316973337991334,0.13080055443089586,0.10095705807583759,0.15532584081508025
0,Non-Crop,0.14445221153208712,0.2588352371339922,0.0729826041792536,0.18585263295473858,0.10009058352460903,0.12152368534826331,0.33423694876702503,0.13941122903939,0.16082760362045814,0.17719466139594356,0.1478143273054629,0.17057945235409086,0.19800708147492677,0.14072024990440102,0.1,0.1,0.10277278494393219,0.10330668998304496,0.10328958300234053
0,Non-Crop,0.15702924969627663,0.28069077764251754,0.11631478293998225,0.16437599470253528,0.13417118793416885,0.11836995457246208,0.3039366430762827,0.15512242787234298,0.21560696292363016,0.1541910809853682,0.21081206345214576,0.24086624771508486,0.17988757419271129,0.15957538163257728,0.1454003221436024,0.10801320855318107,0.10191130517196713,0.10232673407929165,0.10920381872922957
0,Non-Crop,0.22064804891457587,0.2848875460472347,0.11237533843692327,0.17251220761031144,0.10056313127480537,0.06863167765185335,0.3199452407706736,0.22109830840253042,0.19906807370780433,0.26024773436473503,0.2630679533642048,0.27595110060440475,0.2291105515272952,0.21927431860053886,0.13878774354495216,0.1939580005698562,0.17000354469543955,0.17444666393783115,0.15550241791536176
0,Non-Crop,0.18352666197018438,0.2893531328575202,0.08779683556412841,0.20155629729339175,0.1463675805773178,0.05885223152147284,0.4217998222103857,0.16751995384687832,0.19751819378081228,0.2604974393430491,0.2814981621454666,0.2333356920620365,0.20415492469714766,0.16703813402415355,0.17535830381662476,0.18134464920609084,0.1297033483464264,0.1,0.16165063912797528
0,Non-Crop,0.19155907999660804,0.2908663047465361,0.11717448404774834,0.17369182069878775,0.10747459036363155,0.09606849734821338,0.47816482630212553,0.1878389261107661,0.22731084032533252,0.22822233159891894,0.26428430054437335,0.27755874490757915,0.2036238478392126,0.17361456974392042,0.1814543033859279,0.12800886477065357,0.11663102453428245,0.10262875085697426,0.14863701876665095
0,Non-Crop,0.12184431077881772,0.15501569783416463,0.09702490853287543,0.0579907893012892,0.19544476948529887,0.06156752236481166,0.4892528986006164,0.1377427730563289,0.17279828981129644,0.18508126189569457,0.18112925705659158,0.1675464357037175,0.13215215781574435,0.14369919220939742,0.1379000970387673,0.1,0.11131298786408533,0.1,0.1
0,Non-Crop,0.23364930619663973,0.22442638891516728,0.13247231640769203,0.09195407250747525,0.14021563818439675,0.060239446279317654,0.3123011472917277,0.23084364552949238,0.24711741251288466,0.30072859369585925,0.2648489808040405,0.26461609690142796,0.24566199570749145,0.21785340120988783,0.2191708231596465,0.18555048939567326,0.19454506224171403,0.15101028575285233,0.17592132810803182
0,Non-Crop,0.1765319374717183,0.16917746054902005,0.12389920631562439,0.04527825423339567,0.1396887978224919,0.07629242476321471,0.375099724404144,0.133473667156568,0.19988748435366013,0.2073668844349546,0.19782859467168648,0.24578133803811808,0.21980044762550097,0.18302358029596708,0.18627930097065465,0.15194253337429414,0.11119831355809481,0.10780132045874605,0.15761455208227593
0,Non-Crop,0.11565571871242436,0.29740323593869883,0.13602478109774646,0.16137845484095237,0.1687898645479075,0.14387498882798327,0.4444622336647416,0.11065965562571797,0.11289129162096091,0.15424198554777607,0.1519881891250164,0.14764216250044762,0.1742560157008253,0.14174286667002772,0.1,0.1,0.1,0.1,0.1
0,Non-Crop,0.1429271306196861,0.1798375220605837,0.14363525578249853,0.03620226627808518,0.1018524576745956,0.09377772718895688,0.30432539849235873,0.14763624652190838,0.1,0.16884766870514561,0.18497048040276803,0.21849324273313678,0.15125068565724126,0.15323906338467772,0.15528857542992183,0.1,0.1019301292537193,0.1,0.1
0,Non-Crop,0.13373301703382978,0.22791731795868564,0.10626887557907294,0.1216484423796127,0.19449474208215045,0.0695570647101523,0.42833514203229917,0.1386667924405509,0.18368782558143265,0.1585964212522203,0.1658506522144884,0.19343703770945916,0.14427560320827593,0.13612333777367777,0.14570850922919568,0.1,0.11574535312806025,0.1,0.1
0,Non-Crop,0.24220799227793355,0.1603126428133016,0.10073940938449605,0.05957323342880555,0.13289197782107245,0.10083116942766945,0.3047950894753063,0.26111422770265086,0.25512788228576666,0.24682142489971598,0.3329723727521352,0.2677282978704421,0.25095085704288944,0.27133839295537887,0.2169790484726222,0.20310007047184092,0.20298728887588507,0.21593344060697653,0.2002617621357785
0,Non-Crop,0.1828027258443477,0.18464124968981166,0.12435025357790752,0.06029099611190414,0.1531988318270782,0.13090345502403417,0.45614654600573395,0.1967887338387057,0.18828936246817396,0.21341982461313372,0.2550148384199652,0.1872516000657488,0.19908011160540293,0.16324254101010108,0.16994844530065212,0.13653042937272888,0.1464456294608672,0.13267660889696314,0.11660386315975466
0,Non-Crop,0.13226278431776392,0.19077910900888737,0.0669705239155245,0.12380858509336287,0.17184601783231668,0.1270089031254082,0.3924656994918565,0.15214981471407238,0.1742794892468431,0.16433888494994173,0.1929981792337597,0.17304969964997613,0.15826452730942298,0.14751249159568827,0.10278375116486427,0.12428272164123158,0.1,0.1,0.12609777762439028
0,Non-Crop,0.10275335865687127,0.19676664702075328,0.11378221792594102,0.08298442909481225,0.10093449534862442,0.053297694368259346,0.4703775964940766,0.1,0.1444722828699041,0.16511200503957124,0.1656654050409359,0.14430939252229769,0.14360359998210412,0.10940456463391171,0.1,0.1,0.1,0.1,0.1
1,Other Crops,0.3394807467461085,0.6863280325449186,0.29252646416569644,0.39380156837922214,0.2720344853316669,0.24708541978677,0.34212158515934366,0.33206066782921595,0.44536277051664974,0.5467494383241178,0.5590061864780193,0.49991827857177945,0.4945277550938114,0.35871929723165763,0.23225301054670225,0.18295900690655867,0.18711979924746014,0.15265309331542856,0.1987483375619237
0,Non-Crop,0.19231011320638597,0.20478663024230576,0.0892785646328705,0.11550806560943526,0.16956407534454082,0.14378869760948834,0.4084717900984643,0.18772259945909087,0.21927873196435166,0.23460232271164458,0.21255592294353287,0.23088175882842968,0.22248102231431444,0.20142855029154047,0.14016082964952314,0.16954386643206976,0.146023480381053,0.12325617504639436,0.19301438160833945
0,Non-Crop,0.21773244750816914,0.18000133816691213,0.06308423613488198,0.11691710203203015,0.1675811635742733,0.10598831655769839,0.4579347227585511,0.23232883475352176,0.26954214219197764,0.26024377317186065,0.27394623697805415,0.2793978636195756,0.23315883303736593,0.22586948116808253,0.20270425785671112,0.16077115170910483,0.21520867739839186,0.14164036490516418,0.1564933531559064
0,Non-Crop,0.21269096754066188,0.25177756042266214,0.06984101011935627,0.18193655030330586,0.14939871801434912,0.1291640072183063,0.3951408156378112,0.24347131504577021,0.24081985200642583,0.2352197630067615,0.29733366075185286,0.27457429646414017,0.22438437537232228,0.22659734736646542,0.20108677577574405,0.16211494074427432,0.17077659795170125,0.18686849056998261,0.1714889672868575
0,Non-Crop,0.1886643070803421,0.2255660165586951,0.11459515311120451,0.11097086344749059,0.1972894389387695,0.05557355265014022,0.4147923035003259,0.18750757483279024,0.23519134455278515,0.23301726968329237,0.2226698618128754,0.21562748601205348,0.20958387645222304,0.19719757617155306,0.19499687640538635,0.12401440948761694,0.13339127563931213,0.14360429373588673,0.11671317544923382
0,Non-Crop,0.13147970159186817,0.23986489876541284,0.05889295227550239,0.18097194648991044,0.10581677587209248,0.08722452951860714,0.4441328909015725,0.1,0.18534743651992486,0.1340929508325662,0.2006380263897394,0.1913669633506693,0.16779439082146352,0.12808020303053028,0.12399648609789872,0.11460927430056277,0.1,0.10306096131830092,0.11482017555209345
0,Non-Crop,0.2076640817224346,0.2519727187829955,0.13309224908218503,0.11888046970081045,0.10415959562564696,0.05231106684677922,0.37460141997571217,0.21148656639916247,0.20864120919469664,0.24586544074211927,0.2724305590220999,0.2659678956525927,0.23218233684035466,0.2190744461471713,0.17363191353213986,0.1838937999215387,0.1572311471164503,0.1541988389553549,0.1651525887220473
0,Non-Crop,0.16509028744470605,0.19167493493469814,0.13699059338903208,0.054684341545666065,0.16049408131977552,0.11140907379757017,0.4063821393762605,0.16273831839154343,0.17160189914790566,0.2027699162007719,0.20856550618788827,0.20918925584018733,0.17536413219191826,0.18782740861270655,0.15496773024694924,0.10197254609782741,0.13557428307886288,0.10091444297185903,0.10615696112010067
0,Non-Crop,0.1767154609452381,0.21602226708361988,0.10124285513766562,0.11477941194595426,0.16727136115004362,0.08871305089711483,0.35026153742843136,0.16753792404473816,0.18033504233118072,0.23599266295353608,0.2427954111629475,0.199071296410169,0.22114068903938608,0.21430771461977677,0.1972274636653483,0.19617957664156094,0.1097991020731193,0.18525365573998523,0.13435431689654276
0,Non-Crop,0.11644422916051597,0.26244386282235355,0.06358861501275942,0.19885524780959413,0.10666279984103748,0.14760796862214676,0.4913983537740883,0.11466597734244673,0.12664102296024066,0.15724525032451875,0.13907508066306562,0.1335936802406836,0.172388149618808,0.1,0.1166278308459176,0.1,0.1,0.1,0.10759353693806446
0,Non-Crop,0.17066655324966307,0.2728106985681978,0.06246142077075212,0.21034927779744567,0.18576559882418275,0.1397508835108354,0.48934158300677766,0.14386405533656735,0.18492425528837228,0.18298286842024544,0.19803758054524256,0.2239078027962214,0.17711269392874032,0.19997523975672246,0.15170498604857535,0.13453832256315715,0.11622258801425034,0.1381772962873806,0.15105273472668368
0,Non-Crop,0.20935506142442412,0.2891715092471544,0.08326565998208915,0.20590584926506525,0.1503209416751543,0.05140796632828907,0.30139151746065823,0.20197251596297425,0.2285203222516693,0.23644914871941802,0.24810787203005077,0.2608349131093241,0.2546304701686211,0.2223957910657863,0.20666478481288225,0.18671709727532151,0.1544844436706122,0.17191499694131018,0.13915059555343093
0,Non-Crop,0.23829334451991252,0.171115568665682,0.07248968057304073,0.09862588809264128,0.15581341581282152,0.12640930002129813,0.4238702611872598,0.23480038560627997,0.28946798406668295,0.27657302389125915,0.3051597844710476,0.23938681654217459,0.3165925073113796,0.275258509827765,0.21506167305035795,0.16101143922163974,0.19517740600276745,0.16146861984528044,0.2119133989925427
0,Non-Crop,0.19807449457415166,0.2521813886732323,0.12521548922576659,0.12696589944746572,0.15035768963385915,0.13940546052038866,0.4872685506796456,0.20825506165551116,0.24512365419513163,0.2229371123635739,0.2348757028293932,0.23025172008551636,0.22626365679651947,0.20632875971897024,0.18701887936161057,0.19969646717039335,0.16362355127587777,0.13983244685100157,0.1627319907145156
0,Non-Crop,0.2074260815434646,0.21251235909360797,0.12572955720711929,0.08678280188648868,0.12270012993384206,0.0721276591066184,0.3322833975375148,0.22803107542285594,0.22379662154788765,0.24140372319545356,0.27995692481716344,0.2848388987491811,0.2502434848143471,0.20138668643397897,0.179674750173032,0.17118426205286894,0.1649681768987229,0.1397225496075122,0.18660982405654228
0,Non-Crop,0.1767853181904436,0.19794271882621067,0.06676215638405844,0.13118056244215223,0.12628807019893262,0.05357483944658647,0.4408847242954973,0.15851681566409756,0.20040166127228587,0.20288807713966323,0.2310914180728111,0.23143379287842497,0.2008173725856415,0.17659196579824846,0.1629559768123324,0.13836819902236183,0.1545119994142833,0.13520441520849077,0.1634200219174102
0,Non-Crop,0.24902523405935623,0.18485033188860273,0.11239455747613883,0.0724557744124639,0.14603213900573986,0.05394519529226915,0.302894128300573,0.2555651243247582,0.2562940209101217,0.3241570443243595,0.34045553509352783,0.2938296001262491,0.26887583605704213,0.2526337353132764,0.2457807072252292,0.2367422423945701,0.21155847479337286,0.20311348449563468,0.2437084531869252
0,Non-Crop,0.15870671400456204,0.28330398221771974,0.07402271663955454,0.2092812655781652,0.1280216406990571,0.05531206241990011,0.45911636730845656,0.12987867025705357,0.17385081510447514,0.20701003078609814,0.20441882141307965,0.20813090734531722,0.2133279015574866,0.15541298344104149,0.18797348258098717,0.13597144921897708,0.1058916936698025,0.10636845838689364,0.10326709859050545
0,Non-Crop,0.17472260803767226,0.21864478118177627,0.10188895316510814,0.11675582801666813,0.11399189772269941,0.1013141501513277,0.3484837627774422,0.16642428247526572,0.2287329442716543,0.24502329451297958,0.24030426942808064,0.21365520376573208,0.24435382314807594,0.15071790288386921,0.129112274061918,0.13520682127449454,0.1709268643328398,0.12272961616711356,0.13578068689496703
0,Non-Crop,0.14518386220934193,0.15278560781476483,0.1388642669362955,0.01392134087846933,0.12269007672438083,0.14292806516858092,0.4434868901756507,0.13081012132636427,0.18180112333521808,0.18978692495950425,0.1634446105060662,0.18002130321128643,0.15719737900836764,0.13407230075292156,0.11811509821583231,0.11961317617778108,0.1,0.10173880618134379,0.11113009728784064
0,Non-Crop,0.11779835547943784,0.23555809880512962,0.14063542110956462,0.094922677695565,0.17840617798284789,0.1122515868412716,0.3630112993215199,0.10016968137489793,0.1435758283937767,0.18316013953053809,0.18618663996391796,0.16394989459209863,0.14047198262699429,0.14380459405394255,0.11375309365112925,0.1,0.1,0.1,0.1
0,Non-Crop,0.17106402306080803,0.26993679661530046,0.10806197604823536,0.1618748205670651,0.17730901416171121,0.08326729865303238,0.46628332438606224,0.17812414667173793,0.16051060431077685,0.210596834243702,0.19124814155238962,0.19366935158503013,0.18317154495111337,0.19132844218262762,0.15057765898120126,0.13385243848248854,0.11869576269299803,0.14473221930539085,0.13586784593875165
0,Non-Crop,0.20222890448299757,0.25201645476499157,0.11690800168622832,0.13510845307876324,0.1942334494935037,0.13230875290068805,0.3083945452487012,0.15430725871638926,0.21262057448394509,0.23469096545934293,0.21460581253224967,0.22454546001997297,0.19253578226974272,0.2085184281720435,0.2010650625154929,0.18652427009008773,0.16164808784132756,0.13501476392586925,0.1283105850340788
0,Non-Crop,0.15620965338036397,0.28882939824703424,0.1328929891193012,0.15593640912773304,0.11089999898629761,0.060812335247709605,0.38557390297059824,0.16100505685201683,0.1640204652176455,0.19973806919470344,0.18291473147350198,0.19802658497399692,0.22663063939547873,0.15476693798860686,0.1360353282320474,0.1143190686655859,0.11082377566399881,0.11762647924089212,0.12607739211537483
0,Non-Crop,0.23623878320155992,0.19642223687923005,0.1476413222384056,0.04878091464082446,0.12812600203804747,0.1453435824757835,0.31070893017853496,0.24186262355976543,0.2968612849388903,0.247706749723359,0.2836648127368147,0.2635336043126002,0.2782445395155386,0.2109513458036424,0.22562587602157666,0.18579768980919667,0.1726790399958848,0.15936260539758926,0.1916602479990202
0,Non-Crop,0.23086982848878085,0.25680951321137563,0.1079961980535111,0.14881331515786453,0.10890031779826798,0.11939921083892756,0.33328285686218795,0.21709746751753164,0.2706205079199294,0.23671154132247585,0.2606450595169858,0.254158373404334,0.2648605108620786,0.24902762288060595,0.21894341443995358,0.18285017315557037,0.12609158128668763,0.18369766065077517,0.21135379389660264
0,Non-Crop,0.18674936540564563,0.2533844604544428,0.060688337508703144,0.19269612294573965,0.18211105277415163,0.09355050274532592,0.3144697019794971,0.17588095681011529,0.23599776111778353,0.23407297246307712,0.22094083756865168,0.22279913476443405,0.23909673546224156,0.22580732274504856,0.19977683529088955,0.16404988194132877,0.13282036214633805,0.1,0.15741554960329046
2,Cotton,0.49870007281452333,0.7267597377892872,0.2513069422863438,0.47545279550294334,0.4221025103279895,0.27768603268982817,0.2288581765108471,0.4784459124812907,0.6356990641006285,0.7027932445553005,0.742880771299643,0.7679783333010503,0.6602641761771428,0.521210034343946,0.4122950271523128,0.3102318475147057,0.28803940648502896,0.25975821575802077,0.36647496448854466
0,Non-Crop,0.12576836642166503,0.19180705727117234,0.06588526919439558,0.12592178807677676,0.11956662956253425,0.1472977380420305,0.33062268915443965,0.13801376262377288,0.11855092776935067,0.14628750074622782,0.18250628683581607,0.1836921183712153,0.1685228065255831,0.11708364124599241,0.1,0.1,0.1,0.1075317000739591,0.1
0,Non-Crop,0.16723398731623368,0.24015388162330348,0.08273766801153992,0.15741621361176356,0.17809448189504873,0.13404495816388054,0.36472189388681414,0.16212882418298974,0.19617046017625342,0.2138894316808758,0.20362978341116825,0.23060080977592173,0.1959259507767757,0.1465197827408822,0.1318451455491006,0.1,0.11939732207647172,0.1453691028500535,0.11101397448211495
0,Non-Crop,0.2279475953545205,0.2959284907065514,0.07666561921325045,0.21926287149330098,0.17160934824899615,0.08942582354957453,0.4354163943902216,0.23220408332791986,0.2517118264865759,0.26654366818862363,0.3045941874506354,0.2593102562924854,0.2308790974454798,0.23540350548164224,0.20241189928430897,0.257655128970777,0.19260123900006515,0.1718145701169911,0.17154834769225918
0,Non-Crop,0.15407993767774716,0.26977439454058694,0.10240376698675868,0.16737062755382826,0.15720998169716252,0.13530135589879255,0.4611856306830717,0.16215947297885647,0.1641598757006819,0.16112343284173497,0.19294098447763308,0.19917768453515652,0.1710471988583832,0.13541426708154156,0.12157656999401667,0.13695446225180957,0.12016734748237526,0.10956191986266034,0.1305448799252335
0,Non-Crop,0.13697168643651042,0.15135084963967127,0.07354714170108771,0.07780370793858356,0.11377283015171412,0.11121662207231456,0.33330911771876026,0.18616912613709802,0.1765729081559332,0.16175953043809455,0.20955884747654266,0.1761029668591095,0.19438499327025943,0.16016121488279106,0.1,0.1,0.10698288500996336,0.1,0.1
0,Non-Crop,0.1663736970502056,0.2470420062505958,0.09941257411412706,0.14762943213646873,0.1620278817100843,0.10442000021136277,0.44795927438721983,0.17249632083030553,0.22722348883072147,0.22410132506263744,0.22374540794706474,0.17301183163005257,0.1661531329382787,0.1826007969335774,0.17819020177314943,0.13110259362973506,0.10567109838937185,0.1,0.11542497962201037
0,Non-Crop,0.18439811795069638,0.22185610885119206,0.06045544581510243,0.16140066303608963,0.16124895070970835,0.12379531202529384,0.45345566021072964,0.1806435774790987,0.2251815291365742,0.20996582797447394,0.22441450178191405,0.1896586562006592,0.18784270347150295,0.22760673446710347,0.19968752912066168,0.1478737661582792,0.16878024101123829,0.13325041448537334,0.14425289562081864
0,Non-Crop,0.20576697199584926,0.27754481048576873,0.09340710818159803,0.1841377023041707,0.19285220750424298,0.10902990717555996,0.42600142708930466,0.19622685762942213,0.2459554832467239,0.2623121669544452,0.25044648822029847,0.2444667104521918,0.25998073943660316,0.21252909733833142,0.19343124841809733,0.19594892853973447,0.20755724612655127,0.14728825932308104,0.16607195069890754
0,Non-Crop,0.22040137187894304,0.1709290170839504,0.12767682713500728,0.043252189948943115,0.162584666605061,0.09091437879176223,0.3508042298191125,0.22897659705655832,0.25978192072289774,0.3063439121251056,0.2893902006314231,0.26473047130250155,0.23251626402528763,0.21617157522755603,0.1910081540353199,0.19566591968382185,0.1766648149074048,0.14598216672894251,0.1764063262186148
0,Non-Crop,0.23067805695254767,0.2622478201683736,0.1368757230536587,0.12537209711471492,0.15365546710107994,0.12518762443691908,0.32801291187178727,0.20737405121148295,0.22263681701909027,0.2883731858172479,0.2809640556913469,0.26687457687150984,0.2392985438758383,0.2542761049908078,0.1829786081154101,0.212695481550925,0.1908214984779451,0.15357601545909375,0.19792026897160087
0,Non-Crop,0.18326239021564766,0.26136863463203347,0.07198829897073492,0.18938033566129855,0.13683103820867318,0.08640274692145664,0.491887919148233,0.21474532593629583,0.20031552153252125,0.20858832366239316,0.251053063910569,0.24723289941126836,0.2165590247730494,0.2038455315721392,0.1649694864163219,0.15009956747043618,0.15768570198367127,0.1478225431629208,0.1445998851704756
0,Non-Crop,0.18082290508745036,0.21691714606877815,0.10648183139601972,0.11043531467275844,0.14705050789923274,0.05479675585794759,0.4764096372015397,0.22320771283202936,0.17829586162921124,0.23923718805302902,0.2103534172596499,0.21349965571124402,0.19840986027310484,0.19683751895803153,0.16977647951155742,0.11895096388858495,0.14074542727225772,0.1287945088244246,0.10913483117570594
0,Non-Crop,0.13710270577266143,0.2597468855879832,0.09394482232929202,0.16580206325869118,0.1297847348360022,0.09559159370221137,0.3142413435082465,0.12436580148725364,0.17589432172960057,0.17341324976460593,0.18998694507834216,0.1857202682827644,0.170925414826103,0.14367612396655532,0.1297755581963867,0.1,0.11621455842248424,0.1,0.1
0,Non-Crop,0.24730669341795758,0.16443697367110746,0.10892117234526204,0.055515801325845424,0.1626463855254056,0.10380795428740541,0.43243717714236674,0.25016869757081955,0.25131210918174635,0.294773598438098,0.2945742171285733,0.3083441120520848,0.25478520104729735,0.2554163429071526,0.19829758955318796,0.21621882050366487,0.2119452251648868,0.166930277853024,0.18523463206571786
0,Non-Crop,0.12655621615898596,0.2451001151123982,0.08641528191046055,0.15868483320193766,0.18523653492620437,0.12565526600578164,0.422102632818432,0.10237903886657153,0.139208750471348,0.16711634394623953,0.20718199186987557,0.15885343314146116,0.14458974944520364,0.1431750280730955,0.1,0.1,0.1,0.12289660127696098,0.1
0,Non-Crop,0.2301621085122596,0.21766141077372894,0.051536625073472335,0.1661247857002566,0.14264438057143033,0.11061935374241404,0.4115529518196124,0.21074197204404682,0.26262937171200545,0.25050782019510354,0.2900696514876795,0.26006335028603367,0.28431668085569267,0.23521572087602802,0.21355252051187437,0.22494428569597485,0.16662554424675743,0.19591273866121447,0.18221602339606602
0,Non-Crop,0.18813426582246975,0.20303232813065056,0.09824514703811175,0.1047871810925388,0.15973493009778533,0.09724621139148903,0.439662664788112,0.1606860710712436,0.20599289390454398,0.2511718944163701,0.22124548550604184,0.2215923639836241,0.2299286616735314,0.1952514685602346,0.18228756348772357,0.15505073187224006,0.14885026633024637,0.131542028373122,0.157491868384558
0,Non-Crop,0.1013222249941709,0.2574191460715106,0.084443828842851,0.1729753172286596,0.1786652516076347,0.08389362199370262,0.4638667504597722,0.1,0.12174096117191507,0.1234336960156103,0.1164866221171791,0.17126157718554944,0.11720084135210584,0.10298343090566242,0.1,0.1,0.1,0.1,0.1
0,Non-Crop,0.1966548550738851,0.2636264734227759,0.06179789994370258,0.20182857347907332,0.18332094569102625,0.1205619804180144,0.41546834503927405,0.20329648430222133,0.2335487255245787,0.23231272707723996,0.2192887369869927,0.2284427484051777,0.22639528150838983,0.20492656292690453,0.21764141078651197,0.16044027366031008,0.17135521807114315,0.14000709650920187,0.15514432108006085
0,Non-Crop,0.13831424215691357,0.2260036801509448,0.14664092961234287,0.07936275053860192,0.15749534932296416,0.1389931055890098,0.4301757674991554,0.1616212898079559,0.16065856454640873,0.2022967810874874,0.18648728817409588,0.1697898960272121,0.1603828369941698,0.1507097943573401,0.1424786377358789,0.10050337448779295,0.1,0.11925322936016422,0.1
0,Non-Crop,0.14208853239615535,0.23351975765597574,0.12087285799048995,0.11264689966548579,0.1134431082835734,0.13140669059512666,0.4212219199705946,0.13919119729323345,0.17417629105984178,0.18448956647517606,0.17222442699632692,0.1424375771155445,0.1806323334439547,0.15262347696740494,0.11218587016967096,0.1,0.10580681680107526,0.1,0.11794901056499867
0,Non-Crop,0.18156436838779835,0.1650347817264429,0.1432161719213632,0.021818609805079686,0.13745361524510413,0.05807792138743437,0.377458234735066,0.18839125357470482,0.2556409502274778,0.21729093428026264,0.2342168681449086,0.24396775135333607,0.20005560776161085,0.21407551952349937,0.13244440478095876,0.13556970327702958,0.12646344455437245,0.1366413095597136,0.10685772610948045
0,Non-Crop,0.21848021610696144,0.2484359839872538,0.1108758325129553,0.1375601514742985,0.14117820274857748,0.09738084349601386,0.3829041658780362,0.20929958264338344,0.2540859603365817,0.26492813067018606,0.26501867062319634,0.26370514055569105,0.2288433628417079,0.19559156862027136,0.21547128716920166,0.19451421359228874,0.20129359772684777,0.15473366043750034,0.19705950403446032
0,Non-Crop,0.16304353900813828,0.2365616163947648,0.13729487304090018,0.09926674335386462,0.18636230009199534,0.08715195752435732,0.34177777854296865,0.15591559886172618,0.21632191008892077,0.20610104700474838,0.20905920854634566,0.18310827499360463,0.21469981705016672,0.1473667217417869,0.1200121517964538,0.11719825142379842,0.11743091361798678,0.1006944732717752,0.14190687278877082
0,Non-Crop,0.23123999865259734,0.27881268887863375,0.09035703924496014,0.18845564963367362,0.1702396142540427,0.10570659326839171,0.47059122273474974,0.23628389573728306,0.21580510395577945,0.2292552808288778,0.2767034291774538,0.28164299126221365,0.23865964930304073,0.21652213084606386,0.224930289864639,0.20465696349634355,0.17960867156158394,0.19889781934316192,0.17247893645967483
0,Non-Crop,0.16721930491977394,0.29062889801393743,0.12366567352187904,0.1669632244920584,0.1457924579860898,0.1069335201776094,0.4385226886850201,0.18661612221657212,0.19591254513339829,0.1818931387108307,0.19749919912978373,0.2356078143220468,0.22261701908119558,0.19535784548895968,0.1566011897370336,0.15120515928028289,0.1171800531465345,0.13170089791738301,0.12784864127885198
0,Non-Crop,0.13857657040366408,0.23461273825329376,0.10330305614882555,0.1313096821044682,0.1137898821730334,0.1091242905750614,0.3629571247433916,0.1560076897294269,0.16909125839143002,0.15822743938890046,0.2160540985112371,0.22478565453931534,0.1714417141577814,0.15584327837568218,0.12507218211510396,0.11134382941824365,0.1,0.1,0.1214139061350918
0,Non-Crop,0.18496999089694516,0.17240768201568418,0.09691660485673986,0.07549107715894432,0.1831127216717746,0.05154824591375154,0.35458343206487425,0.20193595448304252,0.2219063209536727,0.22984140860674634,0.24632427424378145,0.235353736614866,0.21204798816628742,0.1998475982932692,0.19636345770849875,0.15658484560106267,0.1404529074144635,0.1194747655403986,0.17801047760371774
0,Non-Crop,0.10604172441030818,0.20796233427458719,0.09063230318455792,0.11733003109002926,0.11668382344208347,0.05230854805517702,0.3266762473275486,0.12819614632995716,0.14134504430837283,0.161001483652867,0.15884598597357727,0.16197307140616402,0.1199535247685439,0.10690752709475697,0.1,0.1,0.1,0.1,0.1
0,Non-Crop,0.1798521591931943,0.1901500139654164,0.1411596886560274,0.04899032530938899,0.13682627898719132,0.05455501559653525,0.3600454223082773,0.13132580772401964,0.2202720823588568,0.208942784738411,0.22176279004901256,0.20392144967229536,0.17896754511938517,0.21635091615949006,0.17822275170781107,0.15825194593488054,0.1266454409479521,0.1,0.18661603803143084
0,Non-Crop,0.24292057723737598,0.26918284416325583,0.05400131305351244,0.2151815311097434,0.13323099107399597,0.09705446849512227,0.36290351444182106,0.2605418209849893,0.277703645003831,0.297375789865531,0.2852851469547887,0.2752635038585472,0.2982292978805462,0.24003023471321597,0.23126305662875926,0.20834714608553034,0.2232784116792635,0.21440261065766625,0.18173838854551397
0,Non-Crop,0.13142293340793995,0.15455961222172893,0.09336225869016739,0.06119735353156154,0.15695118693444213,0.13766052783705984,0.4856433591295189,0.16399548736556477,0.1590910056253577,0.20550773279573398,0.17340203455423414,0.16627179517332635,0.1370410890885999,0.15399848513905653,0.12417329343409393,0.1,0.1,0.1,0.10672932446831501
0,Non-Crop,0.14859641598423085,0.2518317348585895,0.10631980924481613,0.14551192561377338,0.1162229571096497,0.08099299092291665,0.47999665537573083,0.16218229238387782,0.15836496077769335,0.14837609324315096,0.18999314386778166,0.19532593025577694,0.17300322399149953,0.1324803511140345,0.1,0.10047451513147647,0.11767302553397088,0.12577415103934758,0.13707366738848037
0,Non-Crop,0.1487125913450803,0.27521977388699104,0.12618052549549524,0.1490392483914958,0.13290958803147596,0.10339565469349338,0.3123360592506191,0.14728429177762722,0.14334574936825206,0.19462842592704852,0.20047547974336621,0.2013812882483965,0.18180081594334385,0.19848233993634112,0.15440699458706392,0.11164864658877992,0.10244086713881624,0.1360387617669392,0.13069733078666565
1,Other Crops,0.3181324177018677,0.700086724294986,0.2283397694570594,0.4717469548379266,0.3460135594879255,0.21076235758839387,0.2230185248162243,0.333624317735465,0.37666598871758844,0.4749420902338445,0.4994489000560889,0.48539161338055614,0.4661347798108474,0.36755158322025866,0.2474021067683325,0.15039306082683418,0.1,0.16895311093269844,0.19478776959633684
0,Non-Crop,0.23732094813602728,0.26649601115589344,0.07283308365933104,0.1936629274965624,0.10248093300425659,0.08837739303556238,0.32830977019756463,0.2566999611810707,0.28659533507497015,0.2709764786049233,0.2559873068566917,0.26721234245137043,0.30429849723828273,0.2299940587392761,0.2178377133463507,0.22779907061102736,0.17790652214603025,0.1860640266099168,0.2179338976726339
0,Non-Crop,0.2053940659485478,0.2914158001657915,0.07670609402393602,0.21470970614185547,0.1440144206537937,0.1295973243552301,0.4219387138748077,0.21095371475292626,0.21241586506745666,0.24835865850036568,0.22794653366007686,0.27201815156660775,0.23695455984433642,0.17708692811647653,0.18184141735519316,0.176819971387836,0.1498566076457825,0.1519299377865874,0.14562900552908278
0,Non-Crop,0.2159956060171563,0.22115589599619284,0.0851143690556812,0.13604152694051164,0.1361099640626467,0.13522142067229792,0.4107547908588876,0.2270274662979666,0.24602042081582592,0.25229699465752053,0.2793924539332557,0.2779982617547746,0.2407729958986606,0.20407911621642108,0.17961400272561912,0.1957301668127132,0.13623363371195035,0.20159057578994166,0.17159607586874465
0,Non-Crop,0.2011299062414291,0.18067000802963631,0.1432681902360502,0.03740181779358612,0.12644928733474786,0.0649894295328158,0.3179934557721922,0.18159749992415797,0.22830656031999078,0.23472678471769426,0.23569243243102805,0.2612769042988582,0.20029935727602688,0.21948143193070546,0.197280467528008,0.14569690796500787,0.1358468311355249,0.14872317888294415,0.17149361417215392
0,Non-Crop,0.15134609272412797,0.21605276608398782,0.12071206139443809,0.09534070468954974,0.15876690514732605,0.08179393297068228,0.4107661831735647,0.1508749847197129,0.16982580965927888,0.20098388521740065,0.18427545651695482,0.19014141906354126,0.15286804026887155,0.16283750877594905,0.10614901295419621,0.12225445767319024,0.1,0.1,0.13194423930759103
0,Non-Crop,0.2417253179531106,0.26694129638136976,0.11021018301273497,0.1567311133686348,0.14549603173930112,0.0856178534328421,0.4894175093951111,0.27002940848714707,0.3025329070710529,0.28089187874722776,0.29854801701200856,0.2674301329343359,0.26870507014294825,0.24480006728090659,0.2278826972410627,0.2105404027604544,0.20404538104641698,0.1985319573459529,0.18223344914200773
0,Non-Crop,0.12673496483673752,0.27887732991166625,0.09035227665072294,0.18852505326094332,0.13985437143653826,0.066988667480662,0.3766131352171557,0.12005979272692478,0.16882988491391365,0.1633480897288138,0.17060081541231695,0.16620678066472533,0.17692661066123616,0.1596583629894443,0.11763447769572673,0.1,0.1,0.10734778914864232,0.10098300375996234
0,Non-Crop,0.21376836209636899,0.20577044869118036,0.07440945724926024,0.13136099144192012,0.17290134212929686,0.09196722921572684,0.49627542086523896,0.226280053969869,0.23327420725791295,0.2496969868235292,0.2910250030818287,0.25725881554853963,0.2602204157854021,0.21631733279847837,0.22956246589643844,0.1623615447442627,0.15260898558817046,0.19631249198553014,0.16959241799994434
0,Non-Crop,0.2032943934850815,0.19234895260979135,0.09814353459576056,0.09420541801403079,0.10443952649693271,0.13175324159581206,0.4979784324479749,0.20069894899711233,0.22677145311391314,0.2548295961653775,0.23268549000632954,0.27462526700849016,0.24328885582461457,0.2270620494148694,0.17015391304209818,0.14315879149894015,0.17807215623931472,0.13219319483464856,0.17100348203107074
0,Non-Crop,0.23217960093334614,0.2131787069738086,0.1339566706475422,0.07922203632626643,0.15902533652596945,0.06918767131023568,0.4162212489395793,0.18176266080189143,0.25912705309714806,0.26997462084671764,0.2625154354759112,0.24363192728160268,0.2474083438690898,0.235345771639044,0.22795799602299294,0.19811209779930933,0.21546443999354586,0.16352130607928134,0.2145237624959752
0,Non-Crop,0.1795132745371636,0.27469861069278745,0.08650456934761135,0.1881940413451761,0.11002113490505246,0.11737116477208488,0.3015519296674849,0.15177791032040988,0.2012538791435036,0.22502868130019502,0.2303024797810752,0.25158129038118493,0.20645420512110327,0.14868940308331263,0.2328554133718782,0.12786097894210072,0.15001167082973366,0.10148212738311023,0.14914050172801108
0,Non-Crop,0.1726319598639686,0.2747460060253996,0.1396028365324993,0.1351431694929003,0.1414620062396478,0.051770444507323723,0.4723547679578709,0.18107845581296608,0.1740305465065946,0.21328740185381606,0.21580336972964362,0.1832061734331316,0.18875004240442234,0.17601715382663266,0.15279377984965073,0.105147206625026,0.14678876564166327,0.12264368495298289,0.13810600511866025
0,Non-Crop,0.20295583491589653,0.18185559829537465,0.13575876757624017,0.04609683071913448,0.10585908877101355,0.07154819827855746,0.4997120496970137,0.2379785468641854,0.2153790680015179,0.25328581161095426,0.22898331308073216,0.2298409999353945,0.255523405955508,0.21732709593403263,0.2086812686342311,0.18684188523922715,0.11228833517029421,0.13109053438162782,0.1731683346689331
0,Non-Crop,0.15151458820292396,0.2101354083868689,0.1261110588485258,0.08402434953834309,0.14825384074666728,0.14403161532392644,0.35873528267168725,0.17902652748900813,0.16740395889648613,0.2342987665777107,0.24123122568307576,0.19435723277059838,0.16988751012773753,0.17251534953372358,0.1270249279680658,0.1,0.12826285539012872,0.12789732221530864,0.11934780399967558
0,Non-Crop,0.12405908125092178,0.20093597118122544,0.08352231802135716,0.11741365315986828,0.10420447960759448,0.10982377598518965,0.4709640105984376,0.1524157207086635,0.13404015189258833,0.13779109933288014,0.20303868339753378,0.1781930573502185,0.13911725310894169,0.13987153922412088,0.12322511121042942,0.1,0.1,0.1,0.1
0,Non-Crop,0.18332634675932247,0.2534953518212587,0.1471401848608646,0.1063551669603941,0.10836809882476973,0.14012240229777892,0.32522053919748184,0.20456969571109568,0.20082732475384346,0.22568564023739707,0.25141998416631467,0.26105078151246763,0.22783469295073536,0.18871891172362346,0.1933338859654083,0.10164664886832844,0.10600515084593015,0.1490128174995333,0.14833149760586536
0,Non-Crop,0.24297663073947087,0.17704351959234607,0.12241359788326331,0.05462992170908276,0.18122395386087473,0.11791288313348619,0.42138445604530805,0.26489898944765455,0.27088453564771964,0.28235778288441066,0.29514413756072744,0.2829315390472606,0.2952518525895812,0.26147463530848397,0.21781594026605533,0.23161826164631635,0.18826254777552381,0.1761149840848484,0.20748476352793538
0,Non-Crop,0.14141127041041157,0.2165468469905218,0.058703356509155424,0.15784349048136637,0.12866592484472528,0.12814902432585717,0.3303175823804639,0.15458390946622177,0.17002643743346826,0.20339312345979588,0.20279725825722159,0.1809750179555828,0.1620777519013218,0.15472371554874187,0.13534745122396857,0.13152803178564512,0.11635822542595864,0.1,0.10409412852934674
0,Non-Crop,0.20180698543230308,0.2209206696169087,0.13997596153682573,0.08094470808008297,0.1336159664985099,0.07943217442312359,0.4745592650158886,0.20325953319589113,0.25457627348964945,0.23743688567745777,0.24333081343741403,0.22420251274986486,0.2630816370395995,0.19924745460520438,0.20826742840678097,0.15193976432548717,0.17630217185295652,0.16999363403360113,0.1619613307324563
0,Non-Crop,0.1309769747394676,0.29547311778615604,0.052500411285059216,0.2429727065010968,0.17857821503937543,0.08213699557408703,0.30749759137393184,0.1,0.16278221198988718,0.17126645802602908,0.21305758367932773,0.15765054273567253,0.12473467537467513,0.1503943450210618,0.1203683537212466,0.1,0.1,0.11377869561999647,0.12398216627308364
0,Non-Crop,0.160098677265693,0.29792704674130427,0.13211236261177245,0.16581468412953182,0.14349801978880453,0.12272924772395684,0.3539123386504919,0.15456365665012792,0.16907309574173943,0.19755017349270476,0.20904581687785426,0.19560867609852037,0.21227773482719192,0.15231299577023083,0.14536101284040853,0.13300720432805718,0.1138166323561056,0.1275970622022019,0.11615038033190242
2,Cotton,0.5259282468464914,0.8192711083767283,0.27817458588152744,0.5410965224952009,0.35330095623293206,0.2574270380257087,0.23330569412642135,0.5079250422890181,0.6375156574281062,0.7420237279275734,0.7715300969145553,0.7720317471176089,0.6449508012702938,0.5313229782801335,0.4418498621537351,0.3268967347433713,0.2690047451362623,0.25083604379721886,0.34993408234985707
0,Non-Crop,0.16957978321432715,0.15881940248169554,0.12292664058366333,0.03589276189803221,0.13288452882089896,0.11534889320582475,0.3559188741046464,0.19894982865203514,0.20118555504147384,0.20890432131560244,0.22438016880397985,0.20623338387681334,0.1587820264500091,0.15705073695723318,0.15181703952028852,0.11292592074952043,0.11244081961568604,0.1312171526694001,0.13720325038525744
2,Cotton,0.47504822649938294,0.7898518955671918,0.2856267653524081,0.5042251302147838,0.3176193109194576,0.2689564411051965,0.19088436617250681,0.46634545154014223,0.5686070378623455,0.6897974039521105,0.7149141283061058,0.6856551780934373,0.6027488463093977,0.5656957006268687,0.38232138157329526,0.24733625546574334,0.2605398922632194,0.24753857593580975,0.28333381648638917
0,Non-Crop,0.11558106854182158,0.2565217556394755,0.07088370204519838,0.1856380535942771,0.13067727513528324,0.09752274670017402,0.38987026334590924,0.13291656184551384,0.16884643514685665,0.18461176952746622,0.1836404967156837,0.14080710095280716,0.12188022679485178,0.1,0.1,0.1,0.1,0.1,0.1
0,Non-Crop,0.1598948884038679,0.22618413142969163,0.13102058495033353,0.0951635464793581,0.1839121603106165,0.1409718311907776,0.40184905010057503,0.14644701671733784,0.19059616111049607,0.17062925022091568,0.21791144540204727,0.2444209536559499,0.1699213685597149,0.15175484616710577,0.12815541816155585,0.12465472815450339,0.1,0.12037362224453058,0.1415546710347316
0,Non-Crop,0.18424242396871826,0.2572283961300614,0.12281044923677423,0.13441794689328715,0.1666538455297689,0.1370810424775618,0.4740210916688209,0.15111032559903043,0.24549910825664184,0.24829225462265714,0.24389426731717953,0.22719808452695892,0.1874211828555392,0.18467040229778636,0.17567120291482954,0.12431513162252955,0.13397097273784872,0.11262538281934284,0.14127292416891504
0,Non-Crop,0.1560196325189083,0.2989756184397499,0.1494813029303772,0.1494943155093727,0.11147862786606125,0.12259687793283472,0.3103490959338202,0.14704146477264818,0.17186870230865037,0.20002828012807913,0.1735993846032844,0.17257414090528594,0.19318152513871664,0.1471268705804997,0.1599710669390259,0.12268490219381281,0.1192783696397816,0.13628726519416928,0.11454840000425726
0,Non-Crop,0.14357224084134154,0.20095718157541265,0.14359551537286033,0.057361666202552314,0.1164741038363272,0.054215041696293424,0.39081106452190983,0.15582505969309568,0.18112873538932597,0.18695585544412324,0.21000125364319933,0.1929032001447455,0.15606205573516319,0.1466627469100485,0.1287477403086026,0.12431061728878207,0.1,0.1,0.12761865068177505
0,Non-Crop,0.14319066222571225,0.2833957085742328,0.13807485770741895,0.14532085086681384,0.17576576166029725,0.10634704738128518,0.3240005499233776,0.1,0.1768126133523461,0.1984710725573607,0.20801633407164416,0.18075459652360498,0.17929520613139077,0.17872573953952897,0.15392689380705643,0.10476708347578462,0.1,0.11746267138724399,0.1
0,Non-Crop,0.2405160924284503,0.27046862492685575,0.09266739806158047,0.17780122686527527,0.16349142353120644,0.1356299326716117,0.3981219376623479,0.22919962222137671,0.25478002847644204,0.2767228443760704,0.281483885858722,0.2966169117393468,0.23483549623732955,0.28042661097940297,0.20378366451286042,0.16033253390315155,0.19143479858885096,0.1850218594142237,0.20167948117327844
0,Non-Crop,0.20377278791875764,0.1682427235229474,0.05650459577371406,0.11173812774923333,0.1974872533431243,0.11811725504395049,0.3834912142187483,0.22431580863662065,0.24391125584228196,0.24345315910968945,0.28393315196337005,0.24487754663761924,0.23307116684087054,0.2142282791167364,0.2002700873451435,0.17867082473342094,0.14539377646661072,0.14516669979708163,0.18129383078327974
0,Non-Crop,0.24691307705163995,0.19440368272809155,0.13708917904678058,0.05731450368131097,0.10041271546746039,0.05210248072196022,0.39317426173927367,0.2624567224937364,0.2494910814616008,0.2733503490248583,0.2992142110269738,0.28501936403002487,0.25466105266862754,0.2646075838820104,0.21792816821527292,0.19217853287088538,0.1945489770203071,0.18110187336811506,0.21095243419651058
0,Non-Crop,0.1359414748042308,0.27892915578712346,0.14246125323329717,0.1364679025538263,0.18262577293320692,0.08340772174178472,0.35448928822176634,0.17062231389268318,0.16759693616743018,0.18017022515367648,0.1808183494181926,0.18724932298789085,0.1714698009294785,0.14884085177137069,0.12069921522530486,0.11547731680494537,0.1,0.1,0.1
0,Non-Crop,0.16795221255702827,0.28166375132891,0.060003167106715376,0.2216605842221946,0.12577400613115186,0.12517989445187083,0.3189973289954624,0.14820061265372222,0.16055123599758947,0.18873645101543068,0.2254613189040317,0.21017832096704714,0.22013968225376565,0.17370995830512123,0.1672633133372712,0.11625579563063003,0.11037286248572904,0.1201964819825435,0.12973565663756592
0,Non-Crop,0.15875916454467673,0.238390764185563,0.07756858969027003,0.16082217449529296,0.11752242923661153,0.12747216226093416,0.4893582344563241,0.1511265426364125,0.19753295475699176,0.1973618254338438,0.21694996838928834,0.1917085750113253,0.1932812586582333,0.1813711175652244,0.12657401216545397,0.1365462021754106,0.11093011403597325,0.13172215562116485,0.11945375026461767
0,Non-Crop,0.24688724180529778,0.2939751572098315,0.08291367055560803,0.21106148665422345,0.18859236704168034,0.13476113742156492,0.34213607946551255,0.23377912101320564,0.2746711706481321,0.28184485948709503,0.30412404409863675,0.2891317616333335,0.2629592254626863,0.27604938035636334,0.2341392051656844,0.20797540953352414,0.20641051082645903,0.1655172814142082,0.2534139220220994
0,Non-Crop,0.17535977917653034,0.20080194066855464,0.12570118677473602,0.07510075389381862,0.1543893696492641,0.13768477741541119,0.40870878292988844,0.1870365208073115,0.19062609216663712,0.1892541134810844,0.2307345744725693,0.19098261017490714,0.23118752783512103,0.17917453753878723,0.18172416602227767,0.12791536572848594,0.13186028902129535,0.13160054259006718,0.13918188053779226
0,Non-Crop,0.1239911203550393,0.19166460742158825,0.0829815808856361,0.10868302653595215,0.1650365560495446,0.12569947594896555,0.44990532176158193,0.15154207081397078,0.14883762785404817,0.14553079443394848,0.1704307087380428,0.18134996229593964,0.15560932633023988,0.13838167580174893,0.13375768168838564,0.1,0.1,0.1,0.1
1,Other Crops,0.4726886267020667,0.6484565376927903,0.24637805973609228,0.40207847795669804,0.31226171935116986,0.1649095678671434,0.34367289857198885,0.5020664190306756,0.5610840682763397,0.6472090925103082,0.6317840541594145,0.7099841219382661,0.6280989448343882,0.4948920717627803,0.3903911054582429,0.3522162584830718,0.3366567166741151,0.3095165794437796,0.39673464160988636
0,Non-Crop,0.13667612460166378,0.1705589525304872,0.1349070874903492,0.03565186504013801,0.16164793585412446,0.06865110125040598,0.3354418759642479,0.14411945984898594,0.17208652797132393,0.158607046405977,0.2210243319657056,0.16927470939975142,0.18589321660059,0.1527662180024707,0.13126344165734852,0.1,0.1,0.1,0.10105350560191827
0,Non-Crop,0.14012677860307998,0.273008904861938,0.14956087115144262,0.1234480337104954,0.10766198139296487,0.09730351250837002,0.4604125118621606,0.15355218133718707,0.17901853459294645,0.16964952778859335,0.14893179696016492,0.19280676503764074,0.1714961527507752,0.1582992995575759,0.11805706777094221,0.1,0.13141973293945913,0.1,0.11952877189184516
0,Non-Crop,0.11703318157652408,0.16710754465580982,0.08476717414689114,0.08234037050891868,0.17628554778963718,0.11079711675981624,0.32051691206620414,0.12319760780820369,0.16242486794899094,0.16094525155706343,0.17188657302593213,0.16039264060622216,0.12087065031119365,0.12009708853224384,0.10075069165042991,0.1,0.1,0.1,0.1
0,Non-Crop,0.18942070925448024,0.194169614826174,0.051365988343529206,0.1428036264826448,0.10776479153532909,0.08916947755108394,0.33079487023313675,0.21874955707825183,0.18520767022420012,0.20084229380291982,0.2446815823759297,0.25787532787597167,0.1878574821050388,0.20463050439421715,0.18350153866923308,0.11039737481523741,0.1565142301293698,0.15900661311816688,0.14790798151084014
0,Non-Crop,0.24819739666303914,0.24965631162773433,0.11811376990723906,0.1315425417204953,0.10379978373047422,0.1105529274891272,0.3969556120180894,0.2419925554993206,0.26115416794780505,0.29275781760105657,0.3174898842335089,0.2791537131406553,0.2751812708649373,0.27523908987072265,0.2517543639404506,0.21470983390009973,0.24768871518487431,0.23986420386379462,0.18479805676332478
0,Non-Crop,0.24118885962664716,0.23831917937703442,0.08111924443543765,0.1571999349415968,0.14496798508851574,0.13056847888768924,0.3323232121460595,0.26149670620015164,0.24172351054740682,0.30380361740450235,0.27810616316391945,0.29390272859982175,0.2609145877745323,0.2518882725838826,0.24148725093357165,0.17880845331548,0.1787142358084557,0.19694189764033196,0.2539435165687346
1,Other Crops,0.49664319733074913,0.6952536849212414,0.24428705061058906,0.4509666343106523,0.3236711453701993,0.2182479066236862,0.21523618163530722,0.4801862488140354,0.585877453948821,0.7098400978720427,0.6938169543171714,0.6155986982710464,0.6107921153320245,0.5278490216295655,0.40172591208396796,0.3673251561413937,0.2572703046220983,0.3007261094263941,0.31132236517636885
0,Non-Crop,0.21577146644049933,0.2847343789744245,0.0833714848475793,0.20136289412684522,0.19920384737785946,0.060283281606415745,0.3105945812092202,0.23824001218241456,0.25328262531821055,0.26170225254389795,0.29601465638374563,0.2696417083629146,0.27179432742150555,0.23496631901122544,0.16139392347738746,0.2040280369414895,0.16959848538409786,0.16678615728932683,0.18612141711177127
0,Non-Crop,0.11496445060572004,0.26652470541724327,0.08714169119932322,0.17938301421792005,0.10393901628896868,0.08632461785621773,0.42212855018432893,0.1,0.1633255879872628,0.18611136332759393,0.15164928576957043,0.19344428883310846,0.1644056994770729,0.11666522828780156,0.1,0.1,0.1,0.1,0.1
0,Non-Crop,0.11220854749494744,0.1517149015008306,0.09274505332424854,0.058969848176582074,0.1410337594335771,0.1488389878639863,0.39396041513953595,0.1219032404543259,0.1301438545572325,0.20488949010817606,0.15752544564983348,0.1530576957941771,0.1261924213238677,0.12174268422836222,0.10696861075140193,0.1,0.1,0.1,0.1
0,Non-Crop,0.2438035980867633,0.17585942149476788,0.12196639255967115,0.05389302893509673,0.16144810082029826,0.11796751311406348,0.3702439261335139,0.2664327540136704,0.24491096854997266,0.27799427534010024,0.2657695945547726,0.28796570271346966,0.2826935565405643,0.2244502358693512,0.23398049220477626,0.21874598859093677,0.20799666532788313,0.20494743579531896,0.18395676828062557
1,Other Crops,0.4764793069532728,0.7434845892841754,0.23425987712181195,0.5092247121623634,0.2658363463329195,0.16883468732894502,0.2750742342614921,0.46260331796387144,0.5839948110450988,0.6064504057994918,0.7106757538219108,0.6964271901964045,0.5588192184952615,0.5454318975567505,0.40201521375398475,0.3376742446663988,0.266073751856406,0.31238579683744794,0.3475540624046544
0,Non-Crop,0.14907874087433695,0.230568112243011,0.07115728064893023,0.15941083159408076,0.18111562615875057,0.12736366450057607,0.3290583423931563,0.17953745936401283,0.16904132527065988,0.21473329442551709,0.17013503484690273,0.19715847913386367,0.16818123996097317,0.16177488101245155,0.1256134314341539,0.1,0.1,0.1,0.1
0,Non-Crop,0.23676314980022156,0.26263925902750834,0.05639231641919388,0.20624694260831447,0.1714687449434954,0.1027299133128794,0.48017357888031587,0.2508282263621405,0.22525892408638137,0.20038869400824952,0.29231365968718587,0.2537327080670758,0.26243772295115825,0.23777720938272282,0.2509720004640513,0.20692295609369726,0.19120382445294018,0.2055567591597381,0.20885608525848276
0,Non-Crop,0.15401765732335057,0.24001859099092449,0.06562613398113556,0.17439245700978892,0.15355258826955998,0.07304219718143372,0.4487473629904891,0.10456874416146361,0.1936182825385097,0.19072378068456602,0.21102499897558533,0.2280227067186159,0.1913692862471931,0.1644622194045229,0.13553308835428096,0.1,0.1008361942781879,0.1455494151590453,0.11123625644215301
0,Non-Crop,0.16881524349348892,0.2390410239073751,0.07673447121588534,0.16230655269148977,0.16459165264055142,0.14859719439503438,0.30981071451755876,0.17196217484695048,0.21231665220496235,0.16944609041195402,0.21459134333885949,0.2030159201539206,0.1846997047327843,0.18357549694166936,0.17368979623745984,0.1283095444235094,0.12404846616143447,0.12315520482151696,0.1335742973420976
0,Non-Crop,0.1462591887947719,0.28152878745392573,0.12817222659879596,0.15335656085512978,0.10154151660765393,0.13168604805410222,0.3601053514476992,0.1378166055133161,0.15942303331968186,0.13861946200374534,0.17534387075289604,0.17495151056279176,0.16538018414981023,0.138872404865188,0.14838103038386993,0.1,0.1,0.10142605900360961,0.1
0,Non-Crop,0.2058253990994706,0.2520320056400502,0.07923333112833825,0.17279867451171194,0.13303110053968467,0.11815145354423379,0.36988952815672566,0.19488156332182077,0.204769552384895,0.23927902433546916,0.25092803779538075,0.25665853591464594,0.24076802671890926,0.1963177882249938,0.20199936556526382,0.155201403659071,0.1538233664821149,0.1716146667763808,0.15771195474206418
0,Non-Crop,0.13106272373315656,0.20038707676600342,0.06342384190937436,0.13696323485662906,0.10741726302849225,0.14921717144484092,0.4311187902489678,0.16218481248369823,0.15996860968510535,0.18107563880005223,0.18974043027735443,0.1524779211028148,0.1909718626186917,0.1300487654772653,0.1299644024272544,0.1223912530362957,0.1,0.1,0.1
1,Other Crops,0.38506163006023064,0.6906108150898596,0.2054539660675151,0.48515684902234446,0.37633151203153903,0.21481680489795435,0.26060301542942205,0.38644045814169864,0.4736692466923774,0.5173796972689406,0.5979915153728919,0.5832549115111909,0.47192122805597503,0.4090773641056913,0.30483950956131467,0.24138044539120812,0.15597809926059192,0.23083519876299766,0.2714282783940804
0,Non-Crop,0.11338746274548761,0.16180254854128467,0.09261515484507238,0.0691873936962123,0.19458444090627153,0.07177290342470247,0.35134832026830987,0.11786426620115234,0.1204340664317676,0.17740543857931895,0.19087834384479052,0.15799624413540983,0.16608668618912803,0.11221248418242602,0.1,0.1,0.1,0.10470440875217502,0.1
0,Non-Crop,0.23219873341974276,0.23790245662174447,0.12786013587005562,0.11004232075168885,0.1248707155966468,0.1178182584589068,0.4804388236765351,0.25851888181411276,0.24539431359300512,0.27053113233066434,0.2839827235771114,0.25707138533923884,0.2666609795009456,0.2048761255636592,0.23559866272382596,0.19529135598566566,0.17290436945841264,0.1675650474406834,0.19223013654883941
0,Non-Crop,0.2372615147918209,0.2634890901021195,0.13224223100162774,0.13124685910049178,0.12164905672661175,0.0763572950918601,0.34170550805983757,0.24982811570665683,0.2683760264449121,0.2537830587288499,0.31868368152378435,0.267556433061642,0.26453325090459195,0.2792532629268533,0.17852672202313813,0.1652961736270317,0.1972236826503364,0.13974456674158756,0.16111462846359886
0,Non-Crop,0.22310130751016058,0.21767460055313936,0.11036445245059878,0.10731014810254058,0.1895520120380826,0.13662336228589222,0.478084440755833,0.20530441209133773,0.22785699327547293,0.2702574104919841,0.28691707641715786,0.2764038040963564,0.23233295552322533,0.24317066048899566,0.2140803654677078,0.1638478546209606,0.1585383822209006,0.188925013268235,0.18313414052872318
0,Non-Crop,0.21072878459867486,0.2235178854190173,0.05288579133361246,0.17063209408540483,0.10641954859978144,0.10379230312678858,0.44375780696400513,0.22476753940820854,0.21669090196949606,0.24558620396228614,0.28604894148420856,0.24460820359419014,0.2703999879442017,0.24003606704316488,0.20822210243512101,0.14943476204008566,0.1556125490340136,0.1756667476424005,0.15573680683011468
0,Non-Crop,0.1591907427491861,0.17697666702533119,0.0785099499382994,0.09846671708703178,0.14550517048081388,0.07906503293653684,0.34671581662437323,0.18786324314560504,0.1869910339985433,0.21450766706853092,0.1790927821364046,0.22853990375075,0.21513639121486577,0.12627984380928695,0.12754524688638813,0.1312659294440999,0.12320200593669489,0.1,0.11780373720959345
0,Non-Crop,0.11414139668484041,0.2374304041788064,0.05516621758289897,0.18226418659590743,0.13369268749640384,0.12531997019142294,0.35886963330307564,0.12977588045112667,0.15488350316623578,0.1727083537916255,0.14569547112089118,0.14753252259018454,0.17323815434879147,0.12335763953661374,0.1,0.1,0.1,0.1,0.1
0,Non-Crop,0.18872931960330597,0.26010960525346616,0.10149473515144447,0.1586148701020217,0.18139839745733088,0.12221555793166278,0.42301466800370213,0.1936392932391922,0.20759685310323045,0.19671042968015848,0.2369413984190788,0.25066265463583626,0.23756559535985639,0.20587262132066753,0.16036417631958017,0.11135276345895774,0.12994851175995642,0.13469620844907,0.1471937239809861
0,Non-Crop,0.18256455819206807,0.1683128132476849,0.06126978604383252,0.10704302720385239,0.10723105747727915,0.1243767347373544,0.44237641704585784,0.1843993557118137,0.1930931819523317,0.23015137138514807,0.2437620736965182,0.23326664271915762,0.2371715625730934,0.1693373332899621,0.15108587645471583,0.16663141731464612,0.10422765569850795,0.12383062991728112,0.13265673601902125
0,Non-Crop,0.13495751477869233,0.23829655045740922,0.142317602845633,0.09597894761177622,0.17480893657031266,0.1166426614148913,0.41654429519675573,0.10766398826068149,0.15787931458764148,0.1715043581182028,0.1935072578281143,0.1847357615386488,0.15783019712915775,0.13319547140946858,0.1,0.1168746216614261,0.1,0.10536666500143815,0.1
0,Non-Crop,0.14880856353418592,0.17261054895467526,0.11205591954189986,0.060554629412775396,0.14198695908703068,0.11132833468418987,0.45233498107883674,0.19183061793998252,0.1881855614920586,0.1874425979016043,0.20613370620622207,0.22148916198505283,0.16112584723922438,0.13240820819184806,0.13939098548230366,0.1,0.1,0.1,0.10730306026859543
0,Non-Crop,0.21434781425409638,0.22220337481617783,0.11800610283068365,0.10419727198549418,0.18972826721355218,0.06361741423615712,0.3500746101413955,0.24246076620425566,0.24233386199947432,0.21436934965607074,0.25075177062635423,0.2426483649599479,0.2333461412757449,0.23266202786279144,0.19465975523373039,0.17497038134862672,0.19174077159734626,0.15247237872520567,0.2163547884933238
0,Non-Crop,0.10870695055277557,0.25443952129507996,0.05528246444841367,0.1991570568466663,0.18170849469196496,0.13249469294605576,0.3474154575112429,0.10441453724507117,0.1,0.11901311482815875,0.17302223905010716,0.12142726375557839,0.15360698138158896,0.11825842071399206,0.1,0.1,0.1,0.1,0.1
0,Non-Crop,0.12169823530104654,0.2416821496798245,0.1433258667580854,0.09835628292173909,0.11956985393030396,0.12645637180571018,0.3047004845636648,0.1045885813825349,0.14019696002339133,0.14272519514937745,0.16206229569654215,0.14329559127146432,0.1149584334722698,0.1491133767526271,0.1,0.1,0.1,0.1,0.1
0,Non-Crop,0.18574595849052217,0.21825165484604359,0.06496367215089267,0.15328798269515093,0.14497273083237822,0.07784920033573867,0.48863262557066983,0.1549163963922348,0.21158461263679562,0.24749421795882992,0.23096250367092,0.19000685888747226,0.22250799790750606,0.2048599597984786,0.15647855556948292,0.13632460169834126,0.18202657861242028,0.12463545878052318,0.12803132288531754
0,Non-Crop,0.17801349064087515,0.21010489218648792,0.10214220423483239,0.10796268795165553,0.17789885058996088,0.08401089365028688,0.33574122418652175,0.21341175199398701,0.2201840183882965,0.23288757224895656,0.2350164916417654,0.2102556197383398,0.2039256742329576,0.1835110363302982,0.17146581557768303,0.1703517437608168,0.15150374749348286,0.10167958979179743,0.14721637374037655
0,Non-Crop,0.22056279614561225,0.23294633790261596,0.09885611605848416,0.1340902218441318,0.11139381831279854,0.05839516614997839,0.36791296911270577,0.22539389351514016,0.24251972799470287,0.27550334897740214,0.29325693536094366,0.2405710590778174,0.25183702463041985,0.22655627377351648,0.2070919282289229,0.18241325448487491,0.1520730320177567,0.2017115731198671,0.22290100279114564
0,Non-Crop,0.21794643290654198,0.2835158210164056,0.10527474475967034,0.17824107625673524,0.19676470927328088,0.14961468309333384,0.3233089219997265,0.21793426326009618,0.26585025225329695,0.29034230575403763,0.23767012334407625,0.26361172728263743,0.2340961514428351,0.2187830039798139,0.20845759571676742,0.19349507557199494,0.16682739815106024,0.13173341247892897,0.1633685050164988
0,Non-Crop,0.17791791497763346,0.24479870161972034,0.13006928009167312,0.11472942152804722,0.14521022057643143,0.131748093509014,0.4067441322704161,0.20284513929517792,0.176398774430141,0.2291913565462894,0.26229837744722306,0.2034097725119614,0.18811403034178442,0.16862989399058653,0.1781871253029566,0.14576550446950892,0.1,0.1367906237148152,0.13760260004169073
0,Non-Crop,0.16665735434515971,0.2774133404182335,0.11158438944212357,0.16582895097610995,0.12923295158426334,0.09207602077764607,0.4413388760685029,0.15708626901080536,0.20094184387703773,0.24116837854125556,0.20613542076085792,0.1854732300664797,0.20920933367580566,0.18969471621099906,0.14924082196938326,0.11765456438661429,0.1376684230817458,0.12927186070296207,0.11601162772857027
0,Non-Crop,0.176723015381325,0.16398901802712476,0.1420886157830195,0.02190040224410525,0.13439606135835677,0.1408132056560631,0.4889751283821089,0.17643763182943387,0.19676445830994996,0.20273925981704127,0.2272931450033931,0.21698373669543025,0.18923601746196267,0.18696883627268704,0.166463280797966,0.1321147461747923,0.1464778941193453,0.13405628783689125,0.11576892136563265
0,Non-Crop,0.21091268704987987,0.17715755407082212,0.14590070867644345,0.031256845394378674,0.16387392562892378,0.13470469188705547,0.40801314305683434,0.21782509394290878,0.23364219001580427,0.2738300478299351,0.26545313720184005,0.2588071299777451,0.2471167463048,0.21609650698554592,0.19355806552530824,0.161338670509246,0.14701283677414745,0.14299506558707414,0.14779600503541876
0,Non-Crop,0.1148299507684022,0.1563542897929173,0.11739444490730234,0.03895984488561495,0.1537334824843078,0.09441442022201196,0.42688798823367047,0.10938686321561744,0.1634680713076283,0.1655504392929527,0.16739501353049724,0.15516013053283492,0.16831958687246426,0.10042493199726624,0.10690829069284055,0.1,0.1,0.1,0.1
0,Non-Crop,0.24982672407769468,0.23688300528413367,0.05422689942359346,0.1826561058605402,0.1586754796691388,0.07745726956795966,0.3064962644071789,0.2384904577216479,0.29001627646021877,0.2788254327219502,0.3180095328175962,0.3197458312756174,0.2463760540359699,0.2795412522267087,0.27349601666210765,0.21702667453633684,0.21293190190033628,0.22262061683192091,0.20904006149559465
0,Non-Crop,0.1816355136415626,0.29258255579156345,0.11253976298804126,0.1800427928035222,0.18169684504748762,0.11535607255451928,0.4678741727075781,0.1808775203971913,0.20709050280221605,0.2224642533154774,0.20582454660317634,0.20708399576317432,0.22637007156323408,0.1635040885452367,0.15601188644957786,0.12279331748683284,0.1236046287975314,0.13058391382633047,0.1382338221957135
0,Non-Crop,0.13072318706137817,0.19521373676978376,0.07008707356916577,0.125126663200618,0.17742605684324514,0.12125779432472607,0.4269903031521963,0.14634669378713017,0.15038669821438677,0.17561902623588485,0.1500982375886997,0.17351247095223749,0.14343802490523933,0.15166571508735752,0.16463907346178663,0.10287949501545794,0.1,0.1,0.1
0,Non-Crop,0.18277423363353776,0.1657408770491924,0.05223467884268573,0.11350619820650668,0.11715129976480222,0.10648491709995744,0.4406681909037865,0.19491831342842267,0.18527198065240288,0.233295884530571,0.20900599798770453,0.2635942521340261,0.1924592946514681,0.1739006216665639,0.13577355938776448,0.14665043525926924,0.1347735607075451,0.1650928415239151,0.16302551572778679
0,Non-Crop,0.13942214118294127,0.15678444463803223,0.050187274391916864,0.10659717024611537,0.13506492829540187,0.0741464228199216,0.31246354500983714,0.1359859319068878,0.16046078263227936,0.22847786158383676,0.20829467187812983,0.16645053939782106,0.17134551166345013,0.1397752788103708,0.11917629511999808,0.1,0.1,0.1277070429136626,0.11572665092193174
0,Non-Crop,0.16513550449170938,0.20810001312850385,0.13416917680970036,0.07393083631880348,0.12193680650652701,0.12342183395288688,0.4514964649480238,0.1313014680398095,0.17561986488999354,0.18920271556974252,0.2137062761349156,0.21096597754816987,0.16767456942749565,0.16340041779298753,0.15920671401914246,0.11472876303452195,0.11225433190065401,0.15112708715016526,0.16965907848357328
0,Non-Crop,0.24939865764191577,0.22622359598402214,0.08452040310397843,0.1417031928800437,0.1185901711556267,0.050479982481737073,0.40182273849777583,0.2748472252982477,0.277718051626666,0.3085702853350386,0.29946131406363546,0.3159892986581223,0.2872728199785767,0.25672306775267834,0.23159383447825438,0.19246976035070007,0.21066046616138714,0.20064834921803124,0.2040818021597721
0,Non-Crop,0.19976161599976422,0.2759444081353488,0.08603781215565695,0.18990659597969187,0.14269020873228372,0.14819177845014142,0.45678330193584055,0.19691320129801293,0.2422084499828539,0.2322571986039627,0.22073791524705097,0.23343634389495602,0.23620840048327732,0.2316663621332714,0.17708855405279544,0.18301933948540275,0.16976595307949108,0.12828209911889754,0.18949876208662766
0,Non-Crop,0.18711416379283796,0.22255206686367995,0.12288341471223034,0.09966865215144961,0.14413600786856215,0.08386396946864684,0.3586957154718029,0.17338207315587395,0.19417165449411766,0.2238297383500628,0.22281334906861072,0.21619220327943056,0.24020721092750233,0.21864603664609464,0.18856093237586327,0.1597540181391281,0.14009251922517416,0.12922733624636284,0.13277399741921653
0,Non-Crop,0.19019625457220563,0.25682819729692385,0.08170737693630582,0.17512082036061805,0.15395065739842956,0.1190920570071195,0.3842679633222097,0.19841289383468863,0.22487943943929672,0.23568090689152257,0.22781121412373742,0.24231195772261857,0.18951557886095324,0.16514316099441745,0.1579515988001735,0.15619941452747452,0.10992628618838131,0.1447908946793467,0.13502805336705662
0,Non-Crop,0.14857744461187672,0.1829901470745872,0.1471218789960782,0.035868268078508986,0.1727242319569979,0.08496533804622378,0.3185690173061241,0.11882995568379717,0.1742928213828322,0.2155970668655651,0.20116202138841469,0.2248687388491872,0.20518101553461304,0.17118814595982718,0.13253200008013344,0.1111873276113891,0.11497693417588707,0.1,0.1
0,Non-Crop,0.19545164729771342,0.22501385036733496,0.06033004778132799,0.16468380258600696,0.11976477811196154,0.09796319561995268,0.47751779814377165,0.23207458880280604,0.23281661401425366,0.25409525813450856,0.207975117899141,0.2806207750157285,0.21224607609687,0.2023130443505399,0.16485840781052546,0.1371264963197595,0.12253177407097177,0.14957026673853818,0.12077669515038185
0,Non-Crop,0.16250051248095557,0.26157979213322563,0.13563740982148023,0.1259423823117454,0.13100163558218492,0.089275018353871,0.37131124473767124,0.18445021190801883,0.16303311082670183,0.16819304141529945,0.2497458055726201,0.18008903086475556,0.19610650765271678,0.17093821673843435,0.1,0.11931404725220297,0.12259227158728292,0.12164048637817586,0.14529390987850602
0,Non-Crop,0.20869470053490904,0.15533278163235825,0.14973811268138132,0.005594668950976933,0.1872636687691198,0.07973437475400456,0.3514822460393411,0.17803444718975442,0.20739329607508777,0.22128238866513325,0.23785539630884955,0.23231400859556947,0.24650016984067125,0.22284793383100238,0.19901562328759176,0.19435448301454425,0.1582514368241319,0.14513219486009388,0.2176457557749935
0,Non-Crop,0.23490091135276045,0.2954888360348915,0.1134453139755603,0.18204352205933122,0.17640555898524385,0.05838084334871643,0.3321431169783011,0.22531041146012476,0.2914585586318028,0.24001225834538453,0.27434032753698173,0.256196138608663,0.2730661878553875,0.21969562973201026,0.22602302890310583,0.19333205827093294,0.17643732661638392,0.19472764254026975,0.19425146259547957
0,Non-Crop,0.12649205388611842,0.23230794083745743,0.09810671908474736,0.13420122175271007,0.10458520183747017,0.05072524280151445,0.49761358839222997,0.10228681806917964,0.1790280151058224,0.1341148482746372,0.17200341956730456,0.19740773787911256,0.129926329813504,0.13135553727935748,0.11161006615498238,0.1,0.1,0.1,0.1
0,Non-Crop,0.23046388743515325,0.26953673486139446,0.0846495063176825,0.18488722854371195,0.17743985370172558,0.07624563029848903,0.365718432605611,0.23412217870755836,0.21736051954098093,0.28178051859674164,0.2781547748753449,0.2986215527728585,0.24694914843105129,0.23345352212979648,0.23536879271653963,0.2202864756053199,0.16798433423686202,0.18615329835373953,0.20107525071031462
0,Non-Crop,0.2332461621156558,0.20813725011552495,0.10762294117779342,0.10051430893773153,0.18314356192927111,0.06883947674004923,0.45690202713551065,0.2510903595718555,0.261579926439486,0.269425490579167,0.2587445447815054,0.26900220607485786,0.24098025842405874,0.2555319572974364,0.2401155989229521,0.21373142132885678,0.2340900611579544,0.17609180995255938,0.2099005927348072
0,Non-Crop,0.1233178438234686,0.23939123935960566,0.07505444242713202,0.16433679693247363,0.1333842064343386,0.09712507166235282,0.30535411714062555,0.1287901354467827,0.13527898804539948,0.18677706719176707,0.169028487993872,0.1530282664994423,0.15776729637353515,0.16964490089733827,0.11248189376968996,0.1,0.1,0.1,0.1
0,Non-Crop,0.16681505129290453,0.2568373337766021,0.08758839547956739,0.16924893829703475,0.1927732279783004,0.05944570512687192,0.3741608395089695,0.14740906137102422,0.20558474342804567,0.18903015093269798,0.2259401854149488,0.21409160110381853,0.2117914291876871,0.16167197348408677,0.17087877323882542,0.12615111488570138,0.16977243983584092,0.1,0.18011672977592302
0,Non-Crop,0.13860129822842984,0.19047501799366415,0.09113462488815004,0.09934039310551411,0.1243369713406376,0.06291839178087495,0.47148296933016015,0.16065513914991741,0.16612917115274867,0.17007949335036385,0.20457316632223416,0.16741663713524618,0.17043191092028323,0.1420646911769129,0.13664474935571588,0.1,0.1,0.1,0.1
0,Non-Crop,0.21999205728773227,0.27513832553777573,0.08041824776285161,0.19472007777492412,0.1469014430552788,0.13738197762800522,0.3105346663659394,0.21524917909900876,0.25053585652546445,0.2782801398729074,0.3049348991641944,0.28782689223745006,0.2532111950742887,0.22134323088457813,0.18759421397742568,0.20926517044013443,0.17444736299845956,0.1846567277282444,0.17291064625062552
0,Non-Crop,0.12833707846505432,0.2638479660665224,0.059089890147454784,0.2047580759190676,0.1514767374075443,0.056387578386188845,0.3712835710315575,0.1518323144697151,0.19462859653188436,0.14178686104073412,0.139747502071062,0.16889850136931067,0.12789237169367848,0.13631731094146604,0.12577663935669187,0.1203797916449944,0.1,0.1,0.1
0,Non-Crop,0.2008223030398611,0.1730617547993679,0.06332267479843533,0.10973908000093256,0.12042647583330054,0.12667116744207174,0.3590754007681232,0.18546754266727344,0.20956067519135596,0.25845460763186207,0.2478104430140019,0.243938803905426,0.25140377992689233,0.23415231567869318,0.14072622721670966,0.16040669317877979,0.12374050659312631,0.14514022254955763,0.16541056363905945
0,Non-Crop,0.15672322278411127,0.25255960402658084,0.07284184568319359,0.17971775834338727,0.14230144462417627,0.10573450647164667,0.4777184989246584,0.1401959170787939,0.17284990748744095,0.2323603704670035,0.20513858347668842,0.19855342337307724,0.16781920026652378,0.12588760017765857,0.13598328792804337,0.12539280026520722,0.12983840618740983,0.1,0.1
0,Non-Crop,0.1060658246818992,0.28391900346309895,0.14983031557339582,0.13408868788970313,0.11814871248586988,0.06203829647746198,0.32871549268971906,0.1311607214286523,0.15506767899638735,0.15728288454543465,0.1685732782085153,0.19472554227654604,0.11673339660772708,0.11578662616438881,0.1279207168784406,0.11185708153586695,0.1,0.1,0.1
0,Non-Crop,0.2078794840770482,0.2464205263174314,0.10197424864372673,0.14444627767370466,0.16817968112843867,0.0949481965185428,0.3483342451945202,0.21567839606471695,0.2333485126946895,0.2250217939942545,0.22513288090335132,0.2385211020456357,0.25395788240192907,0.24654227989650096,0.20867167496812122,0.19118790505393451,0.1573866667305222,0.125091621189772,0.1634980561808745
0,Non-Crop,0.22923464263749346,0.17460599206146193,0.052596101835392095,0.12200989022606984,0.10899855563496208,0.07865473985538171,0.49445196034834216,0.1882141928669715,0.2721454155852137,0.2689405903768057,0.298747735233074,0.2824635262498167,0.2559070574931899,0.24024161560148982,0.21571369999958076,0.22091831986669314,0.18161122660981177,0.18705173905717828,0.16871983070443838
1,Other Crops,0.3581916861035923,0.7191528493871513,0.2490478407208067,0.4701050086663446,0.2559708524833131,0.22630193978156674,0.22528537165881693,0.33679591697260836,0.46086592005678695,0.523480700001569,0.5641384623677044,0.5262589296168374,0.4677134660885788,0.38929596575547726,0.2940972757505077,0.20670512958027196,0.21384653326596542,0.13668472360872608,0.2151575071409325
0,Non-Crop,0.13703747426631857,0.2965717999200609,0.12965809400151473,0.16691370591854615,0.14129920601928878,0.0651341258691533,0.4570663382277568,0.13329130703415776,0.15645128861661745,0.18475012747042338,0.15831761047180115,0.1691072396118037,0.18766901046761125,0.14264214493012814,0.10250014782663505,0.1,0.10257784042567744,0.1,0.11197852556953064
0,Non-Crop,0.1510337862283588,0.1977198797000236,0.1456527749078009,0.05206710479222271,0.17890739828816937,0.12240087921615539,0.33719264481162636,0.14340904048290135,0.17086182937668815,0.21850909597385157,0.2268086785573299,0.1908561587068882,0.16834012321988845,0.14080118035788142,0.14735014023804255,0.10909951679251664,0.1,0.1,0.10036344176961144
0,Non-Crop,0.18621335359831065,0.19921552137627324,0.13203450150475304,0.0671810198715202,0.11839474178473841,0.09646270708685445,0.302731567285216,0.1725096360301005,0.209619475462556,0.21086198660241526,0.23567131187308862,0.26082268644091383,0.22654905516672855,0.1990903920218313,0.14227937585314976,0.15971835687407424,0.15062591540225087,0.14363245405579775,0.15522198715455368
0,Non-Crop,0.1608281732805304,0.23531536537843156,0.12906595260456108,0.10624941277387048,0.16971398139457833,0.14955202282643787,0.3027355302209288,0.13405369915781892,0.16708608653061222,0.18588606754836215,0.19612711868318544,0.19665870360310395,0.19560383674682705,0.18519766670687116,0.16491535105142013,0.10623158729177834,0.1,0.13919839634769793,0.1384860357103837
0,Non-Crop,0.22782093457817137,0.29473244912457797,0.10813848953365111,0.18659395959092684,0.19086555613403597,0.13085132732604107,0.4789335248628027,0.2563576574132844,0.24925899387776607,0.26445259586888287,0.25819986635641723,0.25460696777109526,0.23725484180306042,0.2392449278893802,0.20489978682016102,0.19659467434591207,0.15475945360568447,0.16276087684153986,0.17509305076414158
0,Non-Crop,0.19790335590113886,0.16819570568477454,0.06755114524654962,0.10064456043822492,0.12471747445945176,0.14737482141179603,0.3794304999885841,0.16917630676035564,0.2328772024557066,0.22397103950938616,0.2474195458663456,0.24265982442859277,0.2172856407415412,0.18448616138151794,0.1746504635548126,0.19256983731724636,0.12179334940861139,0.18380340255007946,0.15743191620108862
0,Non-Crop,0.1768155783195699,0.19185904157699046,0.0661163687896161,0.12574267278737436,0.1426280906254535,0.06310145544336145,0.4397970216348971,0.2114592698631212,0.1521105251428815,0.2238542983951984,0.2275442731389415,0.2166631745493547,0.19615447151430748,0.1852441427212184,0.18052024308763273,0.10553174337265084,0.11181933450011139,0.10786302189997016,0.11959271664659643
0,Non-Crop,0.2085692845262178,0.2504584511746726,0.1298749148952001,0.12058353627947249,0.12571146630041452,0.11180428120817557,0.3920132477915902,0.1947101444355935,0.25306231027562803,0.26751863428424416,0.26476579029859926,0.24062329263916823,0.23546494189258746,0.17255352267032015,0.19551852390938182,0.1777214663813891,0.1623627670241904,0.10115694736720973,0.147979539345902
0,Non-Crop,0.11552462553903516,0.1880259283387522,0.14189793255003985,0.04612799578871235,0.16699426133637663,0.05134440439834163,0.34092509451180397,0.13739089311240155,0.15461685798886152,0.14765069178642423,0.18166679532182636,0.1628204097612138,0.16035327732059707,0.13862797459994614,0.1305879790747507,0.1,0.1,0.1,0.10389794761392182
0,Non-Crop,0.17736042825610673,0.20654898530499521,0.14218454995477847,0.06436443535021674,0.10362523175147949,0.13561302203530456,0.3461635570375563,0.19624472506114302,0.20523494612915325,0.25273902217539546,0.22366103989503955,0.23532165605846833,0.2233828869340515,0.18246950928124545,0.17539675303118138,0.12762684374746694,0.12003255399242752,0.10316444071622358,0.14691159430498807
0,Non-Crop,0.10539847433030018,0.27473542475472923,0.10914499314430248,0.16559043161042675,0.13580853018933783,0.1394228042740247,0.3140393222815427,0.10641524486249697,0.133569336875666,0.15858456002659246,0.13562988465080428,0.14279342979033172,0.16540343362590199,0.10268136680105887,0.1,0.1,0.1,0.1,0.1
0,Non-Crop,0.24965443279918204,0.26300821723797535,0.14707909905690295,0.1159291181810724,0.17871011325358738,0.14632026409714166,0.44145414518889103,0.2461655541134764,0.2586771246644081,0.2650897198317551,0.3256884659803716,0.30621207830310226,0.2470996831529805,0.27197327921636855,0.2505648948193632,0.21430183047980422,0.23274014483096236,0.20604261190848275,0.18604094596167864
0,Non-Crop,0.23435038189568397,0.26845680138158234,0.0695266935191054,0.19893010786247695,0.15996863142280596,0.08321734595313571,0.3018411334781286,0.2297119018534115,0.25472653616436597,0.26675455073652876,0.2979475634013641,0.2671353839718378,0.2570746206723993,0.2162029286855935,0.22437743170402014,0.21534831636550797,0.1782534656603834,0.2025519763756051,0.19613423010842046
0,Non-Crop,0.15982549222596337,0.26255833906360526,0.05731750987680021,0.20524082918680506,0.10894783829824174,0.11519737139229606,0.39738814264784966,0.18871236046556228,0.15034867863992646,0.20964200778757633,0.20971144140296,0.2218194257844227,0.1748495240814601,0.1500893251881433,0.12876491653561017,0.1105467965365983,0.12725546967888882,0.1,0.1120961979482574
0,Non-Crop,0.15221433212618113,0.24860895592419946,0.0515647317942066,0.19704422412999287,0.10643748835150396,0.05996611527312487,0.3837987370620462,0.15286805681495266,0.17671575264389736,0.20318394132696746,0.17156350157968403,0.18240515028388607,0.20154888835442292,0.1724413645692547,0.1,0.12191879909268163,0.1,0.1,0.11239076410137482
0,Non-Crop,0.23669046834752666,0.1528948698340477,0.11534319241743621,0.0375516774166115,0.1384408930915185,0.1172648739432371,0.4177383440726809,0.2474894863626287,0.25206191710544007,0.3052308360377202,0.285903857650494,0.2865721750946178,0.2657575879712141,0.18480838436483973,0.25124600720894275,0.2086704225012853,0.19441042368164202,0.1875087333689585,0.20468200847672968
0,Non-Crop,0.1315968396453305,0.2318361520118168,0.06798481484091992,0.16385133717089687,0.1347397361750339,0.14313583672064592,0.3292181399546172,0.15601189171042526,0.19034408379455803,0.16657634999908652,0.1660108253275114,0.1507828210524152,0.16681127437256968,0.12660711295495566,0.10308335143388415,0.12634848722857278,0.1,0.1,0.1
0,Non-Crop,0.16302018312746508,0.29533525756710566,0.11946076116267283,0.1758744964044328,0.17191719228421254,0.10627020053710676,0.49492184217264834,0.17616660502985587,0.19327680849369888,0.22630973380397887,0.23088615999243395,0.18811997644039458,0.17122452691782877,0.15605119264237693,0.1650037955443225,0.1,0.1220388250263701,0.12232483121616738,0.15099612802266935
0,Non-Crop,0.18130530782591775,0.19237482552710106,0.08234673347304966,0.1100280920540514,0.13515280415968806,0.0563319246972321,0.49719233688028347,0.18250236705351144,0.20182555960583054,0.25251464608812274,0.2054840321536681,0.254271268990496,0.18847602294573002,0.2067501565574119,0.18588799689850422,0.14989435877833984,0.11660972433189462,0.10290000465363185,0.10699276187549456
0,Non-Crop,0.20572362480860745,0.19632657137136886,0.08152805131039226,0.1147985200609766,0.10605522562412606,0.1186821215992296,0.41356521827991677,0.23222371790752022,0.21024820166249383,0.20894576262025416,0.3027906593208122,0.2965683283830806,0.23941630394239094,0.18736986029996439,0.20744899410200524,0.16572382632295884,0.1545874964632204,0.1756665879375531,0.17713410346755384
0,Non-Crop,0.12542802404941936,0.2634903747440782,0.13324894744194485,0.13024142730213337,0.18805824431209667,0.11068314289137332,0.47214571187761695,0.13080213310835684,0.1391006537200054,0.16737080241643695,0.15982094374722663,0.13208186369663047,0.14975578794063749,0.13004097953051674,0.11063463825469166,0.11183099125139284,0.1,0.1,0.10547455972332413
0,Non-Crop,0.11159402397256989,0.18868050053220128,0.05942223787475074,0.12925826265745055,0.1315187290153964,0.1375187213458729,0.36943336793485854,0.1,0.1711111962633891,0.16334439571349393,0.16062213538956835,0.1751955782413125,0.11248093627439902,0.10535600627254296,0.1,0.10106510661581702,0.1,0.1,0.1
0,Non-Crop,0.18475266533591658,0.22023396061389483,0.1388325814702622,0.08140137914363263,0.17666978238334827,0.13119422513018053,0.46265246027013085,0.17232319724162704,0.2509743280853828,0.22112244564143824,0.25377777021898584,0.22071884423277574,0.20163094247904811,0.22984595800392976,0.16504608321905878,0.14623039655072928,0.14154850356276194,0.18884186102917572,0.19285087241582555
0,Non-Crop,0.17766109856566936,0.15131621325928768,0.050172482210984075,0.1011437310483036,0.1097666318126123,0.06015566034291789,0.4409793817909592,0.1815134815174081,0.19875237594184628,0.21784919346144488,0.23116506916548485,0.19685541393987355,0.20837610025354014,0.18798605390101228,0.16269892960830665,0.13550435869154986,0.15154174820180194,0.1226418337348814,0.14693060042361358
0,Non-Crop,0.21298546214631414,0.21380329114930255,0.1495549264739569,0.06424836467534564,0.10972542158555325,0.13556276815352336,0.39599661310579837,0.22147265094478014,0.24571216830259374,0.2501780639291008,0.272904412390657,0.2558204972478137,0.22683300039838458,0.21795637624297842,0.22120291653533428,0.18586552189274505,0.17947777088959463,0.1650685958419994,0.13895264274416463
0,Non-Crop,0.12577518353753744,0.20372202996025396,0.06929344362927953,0.13442858633097443,0.12038864754605239,0.06870568360263804,0.3978034760693189,0.13210065914273172,0.17707075617186335,0.1734673027168888,0.19182970505232033,0.19313130397109746,0.1804285809864188,0.1702339577969569,0.1,0.1,0.1,0.1,0.10601167325133164
0,Non-Crop,0.10067225399882933,0.2251849090017612,0.12048361975173365,0.10470128925002754,0.11554011287390155,0.11497907275126247,0.31682201986193714,0.1,0.1,0.12407703296176428,0.15864252048450272,0.13565076306072527,0.11942745783427651,0.1,0.1,0.1,0.1,0.1,0.1
0,Non-Crop,0.11897903710736135,0.15732624349811158,0.13779415639996062,0.019532087098150963,0.10798310665628735,0.06483391807197131,0.3044266551116236,0.14252321285569966,0.17963300532481932,0.1256241353188793,0.14425612413183325,0.14836943523075172,0.13950804838276723,0.12002364969864975,0.1,0.1,0.1,0.1,0.1
0,Non-Crop,0.1274331476344829,0.17147470616663688,0.1445079197807832,0.026966786385853675,0.19868106817987558,0.05449094965087316,0.3300691749463533,0.10173138823715239,0.14513800710814045,0.15128423903747562,0.17062035483065924,0.1385054686024563,0.15080556637230114,0.12010847611822642,0.10464436529506414,0.1,0.1,0.1,0.1
0,Non-Crop,0.2428087627445816,0.26851642684006416,0.11595968270588149,0.1525567441341827,0.18565844442274576,0.05756446806573497,0.39256613143976155,0.25041916885090765,0.28059405746176447,0.28773608022900904,0.3247575491841229,0.297466380447362,0.29100451430114016,0.25253607145829454,0.23878289042524015,0.1890330133258017,0.1847642895970709,0.20184982008107227,0.21437373609720964
0,Non-Crop,0.19676240379501794,0.20490230813878138,0.0804070284780257,0.12449527966075569,0.10085547701181702,0.133360755868824,0.31748653949872846,0.19820516487205128,0.2670283268160465,0.2546313736081469,0.24762510006352834,0.2284264894164497,0.22446922025636118,0.20681501876966463,0.20853184549709136,0.18345547571583212,0.15691566756126202,0.1842000134465943,0.12116176492448731
0,Non-Crop,0.1915759261062729,0.1837140356488229,0.11130520258694786,0.07240883306187505,0.16282794590652136,0.12341069808811267,0.42417483751136026,0.19264361155585333,0.22810926243315713,0.22003396402016412,0.24729598455958984,0.2636314823269674,0.2097110650817329,0.18140305791998051,0.17598654350226584,0.14920255726639647,0.15568237464442644,0.1345645218541751,0.19066770213980758
0,Non-Crop,0.1510476106447287,0.19838388549499025,0.0924433888857579,0.10594049660923235,0.11455677586525012,0.13311389644353827,0.36973957907232735,0.16868910695051834,0.17054866639462507,0.25518884800042096,0.19618713863923157,0.1944421548847555,0.15542285888727883,0.15649280455522266,0.1394564630880697,0.1,0.1,0.10964161151108405,0.10527388478419372
0,Non-Crop,0.24535194452544998,0.2660127316358044,0.07433524940335987,0.19167748223244455,0.10401165782885155,0.148543738436966,0.3680901391087211,0.257454604840629,0.2637175671941165,0.25981245036364203,0.3034681165969732,0.30132020213197747,0.2275049224810941,0.23572118119679006,0.21399169559309106,0.2098788237825223,0.18040822998688125,0.19664303941580025,0.20586422943987054
0,Non-Crop,0.1607838674394001,0.15598982838984138,0.13352172606087687,0.022468102328964512,0.1209738993938566,0.0828308710357912,0.4740095993212784,0.14454627406206547,0.1989875790532937,0.20655259293556374,0.20332389519926236,0.23375977704794831,0.17940678943526805,0.12798114152878992,0.12908551864227913,0.15531131221182992,0.1055532869348091,0.10252886787752402,0.1260389135859518
0,Non-Crop,0.23279242436453507,0.20423853996304644,0.14324504210806432,0.06099349785498212,0.16306084716506095,0.14341553437930063,0.45143332508250394,0.22815505423201926,0.24992335437864974,0.25179632298715704,0.27526644144337387,0.21183500459403637,0.2509115922436202,0.23821094122371164,0.2265267360654572,0.1895787420486395,0.19086938932618022,0.1412504374035732,0.19637867104187648
0,Non-Crop,0.1541210239368627,0.2739538815262506,0.09521390551224473,0.17873997601400587,0.15236943322446883,0.14824473570470748,0.3119958544383033,0.18508251190774486,0.17673184305297526,0.20299152095656414,0.18273691866340203,0.21013169365489334,0.1765663482209563,0.1372979398989514,0.11242853549434301,0.1,0.11284930996954444,0.1,0.1
0,Non-Crop,0.17873158270083736,0.23994602161034495,0.10666674537501646,0.13327927623532848,0.16541683119919323,0.08077495166078202,0.3252852454310056,0.19050030630564352,0.21145298370050825,0.20925829162706552,0.19840646861945593,0.2899516777898962,0.20583219645917908,0.17927280524017833,0.1634591105944624,0.13603688614922038,0.1323096549716922,0.15652431469000883,0.1409635968285893
0,Non-Crop,0.12236346231523718,0.29775507675089397,0.13892854620742634,0.15882653054346763,0.1771313633225014,0.09115116028992104,0.33676914537785957,0.12338449245010413,0.16026606611459815,0.15612068735805892,0.19079558695494417,0.14494126948961245,0.15367779598217424,0.12746716514026146,0.1,0.1,0.1,0.1026927431319388,0.1
0,Non-Crop,0.2473823142309399,0.17711548789513545,0.10909866849681349,0.06801681939832196,0.10896992970082547,0.1233863983993982,0.4989507376123943,0.2519131692495598,0.2973119212743653,0.3147074116106177,0.29610700418524427,0.2833374907484351,0.26402925937962396,0.2496170501846176,0.2211624857599869,0.22061473765270811,0.20691200469738913,0.2112721243206833,0.23729097218114367
0,Non-Crop,0.206305643382047,0.20862503239008326,0.13413083514997018,0.07449419724011308,0.16771900939767853,0.11978046984944085,0.40718719862581426,0.1999040849166044,0.2402213250811245,0.27448865143385537,0.2450035387708245,0.2717792482692649,0.23585648547535804,0.1886639712383528,0.15973469042656824,0.16664912194914286,0.17724683993087909,0.1167800383495397,0.17503762788610433
0,Non-Crop,0.1983923066257588,0.16797609923118056,0.13792726411829093,0.030048835112889638,0.1779203136765108,0.06907482637058028,0.43880398916491303,0.1740287852896124,0.2302899771961262,0.22786121439322485,0.2168575550486021,0.2632840636578725,0.25621795196100255,0.23659152482272536,0.1845932996707722,0.17307082377982044,0.17691316520974218,0.1376177770921332,0.18532884402832106
0,Non-Crop,0.19223651287029112,0.2733545270718646,0.10462791047902839,0.1687266165928362,0.12184382449886805,0.10424101286783086,0.37422233275531763,0.18756548199876347,0.25431884314337594,0.24410268740448898,0.2605948940209725,0.21671691921063485,0.23585161457620588,0.1864793528212292,0.1965077049806635,0.13202934358488505,0.14555615404417493,0.12113265049880242,0.1594756956614774
0,Non-Crop,0.19730828202323586,0.20852939508748536,0.09985448783312932,0.10867490725435604,0.1875653387674586,0.06085631447028094,0.45834657859993055,0.2087058095428263,0.2077584716224699,0.25925663652098985,0.24212129453315637,0.23437621344789536,0.22766614959813053,0.192541345827717,0.1863427676286845,0.14872090547157146,0.15780224819635774,0.17368219906830845,0.1476448320085528
0,Non-Crop,0.15571509259700986,0.27441003302984035,0.06907922654758387,0.2053308064822565,0.1807179770202491,0.1157494059256251,0.3385487014424737,0.14078101467139195,0.17167662462987726,0.1728148721288329,0.1957273768956232,0.20166210730405185,0.17988888019971708,0.17913562532919552,0.1410863460738391,0.17962124405386032,0.11532359846713208,0.1,0.11618042800027738
0,Non-Crop,0.16129865233147542,0.15788872068610177,0.10504924694659178,0.05283947373950999,0.13072936432422932,0.10336024015254278,0.3268593928790373,0.15041316367298466,0.1637150505630787,0.1872849715366179,0.21568916234338856,0.18113370421538302,0.1762460261162017,0.18162012035975833,0.1958090884444807,0.1330103039571391,0.1,0.10601015519687228,0.1266534161760074
0,Non-Crop,0.23321205733882078,0.28033061933090797,0.08572709219960452,0.19460352713130347,0.18910506169305347,0.10936750743979018,0.46118112940378037,0.21395656031347948,0.2535688884653953,0.24584045930955617,0.2373864045903823,0.2596961228557935,0.26558728591762804,0.2427782352314579,0.1874413822518385,0.14779669402825032,0.2137508009419803,0.1871717059888685,0.22904928061862617
0,Non-Crop,0.20856195781116782,0.15375376523457998,0.10706441825450447,0.04668934698007551,0.18841944712283692,0.051738874292543396,0.38103642076019223,0.20436915794278457,0.24470306771493955,0.25797950302707046,0.2578072797372969,0.284217309006429,0.17915050364155102,0.2258157031725851,0.2053775705598664,0.1936610904108748,0.15838802310684574,0.16477414542569002,0.19300390919894267
0,Non-Crop,0.21622747698011485,0.26097324515483944,0.10381434300814543,0.157158902146694,0.10873273725584692,0.14260813467869188,0.39112050750033245,0.24342184610301096,0.2115144419631856,0.23680747426084753,0.27901698331787567,0.25153176113255,0.26244856654280807,0.21582229049546803,0.17371282298213392,0.14320036243904585,0.17703352949764461,0.1784542741179063,0.2003547755470196
0,Non-Crop,0.13821885335969564,0.22286761715328485,0.10012404774253533,0.12274356941074951,0.12391767948573762,0.10900933994880077,0.3886571972158479,0.1,0.14618662431662371,0.18062641994544149,0.18079094393398268,0.16160081556770134,0.1489839037749881,0.12546177221270424,0.11494525807881338,0.1394173103846477,0.1,0.1139306494142892,0.11308136399773888
0,Non-Crop,0.17786375955095923,0.2715602911288475,0.09277011708192384,0.17879017404692366,0.17015993498995968,0.09346023687179919,0.3835472389023125,0.1645100664570948,0.2125210774757727,0.19684085143682842,0.21422249181259206,0.1983391011214053,0.19472932705258808,0.21177394873283448,0.16747611598306425,0.1284838494537195,0.15339667613143884,0.1304308505777539,0.14525985329356458
0,Non-Crop,0.22533089188621383,0.2594811018963961,0.12492753368241044,0.13455356821398567,0.11961393497338717,0.09683243073685552,0.47236562616492056,0.26536934107118104,0.25018346151468274,0.29022015713565813,0.28106581736158964,0.28250619388463527,0.22182785373871622,0.23980796705351445,0.19309222847658752,0.17056280100526366,0.21133644969227855,0.17310927319180994,0.16998783898818431
0,Non-Crop,0.16233392981849748,0.20765085419377916,0.12383916369360574,0.08381169050017341,0.17742155581663588,0.11070286543845467,0.3045373684364895,0.16631184326548099,0.19551177454893126,0.2114738132039262,0.18547316158319527,0.15893712872280247,0.17191976604111306,0.16630332270389664,0.16399844182150347,0.1291809988676807,0.12414495519204358,0.1,0.12564233554955773
0,Non-Crop,0.11132168716360435,0.16029014773427183,0.1037383842439368,0.05655176349033503,0.11601282401846402,0.0507730267340349,0.38462268619915724,0.1091493540648375,0.13297154789140483,0.17085655773064118,0.17337612542365577,0.16516479073234416,0.1,0.124373585049861,0.1,0.1,0.1,0.1,0.1
0,Non-Crop,0.15456790773985857,0.26040810217241844,0.10129788419143418,0.15911021798098426,0.17386620535618252,0.14072895614525718,0.4842059032107604,0.17467908467998214,0.23988922690180173,0.20024328775647512,0.2025060190692578,0.17869218698926106,0.1820801058096721,0.1409004726375053,0.1332893777660187,0.17462146558392883,0.10808336094810089,0.1,0.11509652992488234
0,Non-Crop,0.21600296702251442,0.2758321620757681,0.08668683942862294,0.18914532264714518,0.17608310300194507,0.09853728951691942,0.3402166976812092,0.2090529610283962,0.2231283296173232,0.25647953319315336,0.25364561342862546,0.22474773269666187,0.23710304041183705,0.20033146409143066,0.20309676707025187,0.1650421470923049,0.18935909062208062,0.2001340746347148,0.19431357820423295
0,Non-Crop,0.22536811546783,0.24124635421553392,0.0888393180383887,0.15240703617714524,0.1503204670074964,0.12687347933788024,0.4755091085118946,0.2204756138070045,0.23250393424446264,0.26022327824835917,0.3044040603310148,0.2524348299176361,0.2204834931919068,0.20305886213158242,0.20712303573957538,0.2209450012913068,0.22058862402613819,0.19042653192366402,0.170466180217297
0,Non-Crop,0.1388647308073167,0.20161496460446046,0.14904716723472566,0.0525677973697348,0.13742644678507343,0.12608016717561016,0.390545085325988,0.15177669238650762,0.1769153012734115,0.19873541908342143,0.19715481138789115,0.18674177310087237,0.1820344759454739,0.13499740912594968,0.1,0.11548454473440675,0.11474298703904637,0.1,0.12002614417711512
0,Non-Crop,0.21201201587688914,0.23440001709844996,0.05833025831117964,0.17606975878727033,0.11855802367835555,0.07193281840309192,0.351572850728969,0.21546325075670683,0.29290084181287934,0.2760832305883534,0.2600032695125059,0.258268863579216,0.2659125605944219,0.2008805113293009,0.20670770662569624,0.15182279093360895,0.18163380337800517,0.15818671429944792,0.18074888210322804
0,Non-Crop,0.14563067772025057,0.24815900472458619,0.09875022786202797,0.1494087768625582,0.13663031452623392,0.11454418331834965,0.4895045961102476,0.1702747624685288,0.1783494081340541,0.1764272603234482,0.14899702396765968,0.18634930437763028,0.19611346497060436,0.14484572246990166,0.12865792160932485,0.11621775804098833,0.1,0.11014918191986998,0.14309609724176509
0,Non-Crop,0.1668108142866752,0.20326421495447847,0.09956613440350884,0.10369808055096963,0.18703290345540943,0.1275861438658652,0.3167979002778318,0.1653822213619251,0.2105318855562599,0.19650457123811277,0.22507248509010483,0.1893833323304274,0.21155640605720727,0.16743939265262475,0.14845190224530194,0.12172727074410974,0.11322124039311632,0.1,0.1381187992513423
0,Non-Crop,0.23996411096647813,0.18382546537814437,0.11144212982230295,0.07238333555584142,0.10280053194724585,0.1431788543051174,0.4045974616383419,0.23755125028388144,0.25693768091422825,0.27842151130512843,0.27554557795986095,0.27823076043642875,0.31051089243314056,0.22876653615555415,0.21685182290441093,0.1943742129356879,0.1861441728383353,0.1853931110557533,0.21027189671237853
0,Non-Crop,0.15141106203832688,0.1838967576982775,0.11394684394921037,0.06994991374906714,0.14570023093769408,0.09001454672845591,0.41857040097844433,0.11281488378050555,0.1736672800161277,0.2317165115188089,0.21460760620505934,0.19621821939555506,0.1722131837892921,0.18001031197013634,0.13743168824591195,0.1482061049365375,0.1,0.11193776407583372,0.10486809240888964
0,Non-Crop,0.2355011520560192,0.15127290181251646,0.07166842439890027,0.07960447741361619,0.1827186714245322,0.11705800508269354,0.4788779707396982,0.23817998971505946,0.2472385665521934,0.2676371787495835,0.286853640108713,0.3297635127370133,0.27144960886304487,0.23033338241400686,0.20131420177214934,0.18782569503749874,0.23017051512374567,0.17956980540394304,0.21836154646970532
0,Non-Crop,0.2477298910517264,0.2866703655195125,0.05289927449989799,0.23377109101961455,0.1770728615306566,0.061033477382520296,0.30549703896587416,0.22886503579885084,0.2531920630199554,0.3012014682209741,0.3148811949557001,0.32717767402347453,0.2636890536101543,0.26164501680382585,0.21725021366127228,0.21029224434624413,0.1692457774219584,0.1773197345117739,0.2285140845463824
0,Non-Crop,0.1386368173746999,0.20001855307974709,0.0941518696510865,0.10586668342866058,0.1529190098746567,0.09493658716251506,0.39863910395758584,0.1220110594650621,0.15278911531027273,0.20840778849097563,0.19644412548933177,0.16743885824940466,0.18987969897453424,0.14604946286828843,0.12184899316436396,0.1,0.1,0.1,0.1042890265592641
0,Non-Crop,0.12637868219742887,0.26620853899568403,0.10138573592691225,0.16482280306877178,0.1010567122774443,0.11735165274721089,0.3847380357320994,0.1,0.15148370867360778,0.17607926306092203,0.17707768702819163,0.16802383736915352,0.14876202374289088,0.11737108368446283,0.1,0.11170942645738807,0.1,0.12107618180039953,0.10448047229482464
0,Non-Crop,0.16511145912953795,0.17879632587888566,0.09882193591992386,0.0799743899589618,0.1401214827711329,0.12955633625022694,0.452720871832599,0.1666587337352199,0.2068680045549276,0.2581060990887886,0.24923230220849266,0.2001259118826293,0.166012986605401,0.16404443120105525,0.12863264243271,0.13629828532143418,0.1,0.11570879674457418,0.14659472394174458
0,Non-Crop,0.16867204751269374,0.20636923534320858,0.1077657996066007,0.09860343573660789,0.14386586844071036,0.0517345926853718,0.49879954668273424,0.13735143519236148,0.24435913698726344,0.22103118740645822,0.20816945348383603,0.23026412086639436,0.18570536033470056,0.14753707030753493,0.1527142914923893,0.14483337667382212,0.14536375953467665,0.13068043597071666,0.12280812076078752
0,Non-Crop,0.20034274626409376,0.2748394328955223,0.10738240691889403,0.1674570259766283,0.1466003514353013,0.11366410353587279,0.3595914857916718,0.20896842260181972,0.20083117574468162,0.2399302767269186,0.2486424378694037,0.2719192719215883,0.21600013546368735,0.20215984653860006,0.1360821927791875,0.1971978773611689,0.1300568755204375,0.1589347498157203,0.1630375733911369
0,Non-Crop,0.2272041853985922,0.2880450405859122,0.0949139688459391,0.19313107173997307,0.1536430396789492,0.12420925925582445,0.43922918498770824,0.2337178759028087,0.26293872851704275,0.27959883493449833,0.2944691043687973,0.2508197159303495,0.2811376794925904,0.23844711251949413,0.2126517008095072,0.2006965596180172,0.15291230373874654,0.14818912797044714,0.18950652587401506
0,Non-Crop,0.19807575847249392,0.16141340570243642,0.11036019202212376,0.05105321368031267,0.1931224759178898,0.13503627876578506,0.31353470733159666,0.20501023879733293,0.21530650790907654,0.25007427903779733,0.2776071651304148,0.2576364186625577,0.24419020344275055,0.2110120868616199,0.1504734956960209,0.13934230309447265,0.15829676860251596,0.14991076370013526,0.1715955999234309
0,Non-Crop,0.24058930671667605,0.23794017647899018,0.11991931979813764,0.11802085668085255,0.15251757899342241,0.13347379547769675,0.30662669243864216,0.23605557814265266,0.22996246969835038,0.2869534273470159,0.2816415520629566,0.25597355825498325,0.2564424342885316,0.240477547756123,0.24584622965720476,0.17308421559332215,0.1987085061849269,0.2370527054139429,0.20181505772462283
0,Non-Crop,0.15720037256834263,0.2647785304471545,0.10976870299435007,0.15500982745280442,0.19270121129250806,0.08983776756594306,0.3638190679745976,0.15420281189789925,0.20341749849638732,0.20854838295987976,0.18372510542093107,0.1998589193486835,0.22748010874940106,0.16648083966815316,0.1331146996824137,0.12919504061807063,0.12359172827672718,0.10013079188558452,0.13197485177725177
0,Non-Crop,0.1483290175971944,0.15201072213779865,0.13433916463290707,0.017671557504891577,0.19418212689647268,0.11555581974173487,0.3462873260926849,0.14389397723704622,0.13934255665026768,0.1794893869733606,0.21524956071645338,0.15547060131315957,0.15766213449847635,0.1581276860265721,0.15890422908059873,0.13048841421047438,0.12948520408653905,0.10453844083856183,0.10886839262933415
0,Non-Crop,0.2398423216106171,0.18758569371332218,0.12338809732737419,0.06419759638594799,0.12846553934935923,0.08177854085868638,0.36200037055646106,0.24718952859356685,0.29587048348438666,0.2748640089097238,0.30373651739489915,0.30677399648917214,0.28605961756169634,0.24067415623013685,0.20048222588225462,0.15785124553179358,0.1857090057381144,0.2154578552487037,0.18208198563685885
0,Non-Crop,0.20640861178766934,0.2902566294586096,0.10651975211777512,0.18373687734083446,0.1611434236739474,0.05689327021240891,0.47289538072356563,0.2224449975916904,0.20047456751785098,0.24967295975268405,0.2622572943642974,0.24356893854373698,0.2704598146085153,0.214488690402142,0.16430247509843027,0.1486209396072912,0.2031789526689458,0.15005993850907454,0.12956101664513733
0,Non-Crop,0.16571835206212948,0.20383694864970459,0.10662048235071453,0.09721646629899006,0.12379241622449835,0.14886565549140124,0.4001739906764331,0.16362732429075896,0.16180367398825127,0.21806232868761902,0.25403759259772124,0.21936747497554449,0.18712346728097598,0.14421300894301395,0.13001785126244916,0.13693902042817424,0.13830420671486213,0.12298946182341207,0.14643908157772956
0,Non-Crop,0.22546688443894192,0.15821094538649053,0.12760489588693802,0.030606049499552507,0.1613706481849577,0.056950779651519325,0.401715584373743,0.229483679212824,0.24232987528658112,0.27962436466233076,0.2765805144687084,0.2789904932286366,0.23130819698622945,0.24268861554904778,0.18222326731737673,0.2068619633042525,0.19585546608746784,0.18447975335792077,0.19639160632747296
0,Non-Crop,0.1514900735608606,0.25306837805397087,0.09985862873912121,0.15320974931484965,0.11906759467547916,0.1052709570166698,0.38148713055322875,0.17590437747076942,0.16679433938938024,0.18614821086804526,0.1999178733880499,0.19799535791093711,0.18395715914994415,0.16971071610142005,0.13049838511621004,0.13251381486502006,0.11153252322011184,0.1,0.14291531063842297
0,Non-Crop,0.12791982315521494,0.19380211506611011,0.12781256612865216,0.06598954893745795,0.18939783918831082,0.12244604232514118,0.39303473933132765,0.11510525090268205,0.10737643333764728,0.17238250586372553,0.2015784719272966,0.17912791204855452,0.1507106604776319,0.13978477366100853,0.14715879305692403,0.1,0.1,0.1,0.1
0,Non-Crop,0.13952671759733573,0.28534619601631483,0.07843439098197932,0.2069118050343355,0.16539436721799264,0.10348181649431441,0.4192655210007724,0.10584663724141244,0.14931741648124644,0.19792188772000935,0.21292834805096755,0.15954683639398057,0.18371084181119252,0.10763592054709063,0.1202008389034338,0.12392752967400344,0.1,0.1,0.10717399724636732
0,Non-Crop,0.13205694622788686,0.19008109151348535,0.07332543218225485,0.1167556593312305,0.1514982403695806,0.08218275081690798,0.33083120992506826,0.15316436538513392,0.15338481773468002,0.19424767515759883,0.18568319142190906,0.1680358342527795,0.15331771544435197,0.1157917842593135,0.1625814233573494,0.11642707249273924,0.1,0.1,0.1
0,Non-Crop,0.11661146802867785,0.1933276684997447,0.07078880552631445,0.12253886297343025,0.1396563716797081,0.06112165750022154,0.30636834890961956,0.13914014236359845,0.17262259805115626,0.17824507678904086,0.19189680184182345,0.1551836426297988,0.13380993853415496,0.10809572749543697,0.11195360510334132,0.1,0.1,0.1,0.1
0,Non-Crop,0.13150793802689578,0.26758753932698226,0.11858724552314401,0.14900029380383825,0.16809779292117638,0.10526345818291938,0.4127156685553098,0.11345567357641145,0.17397886537442195,0.1911740731990769,0.17441302336864112,0.18607130392950053,0.12387907222761724,0.10045622507202982,0.1,0.10145295169003392,0.1,0.1,0.13065430432356145
0,Non-Crop,0.19130957238772728,0.28143349396974615,0.13837774582085866,0.1430557481488875,0.11084983450704385,0.09283502838131506,0.3929443912397499,0.18399395748168715,0.21384913546005985,0.2157046626315552,0.2440460204584899,0.24690217867366926,0.23464692300744977,0.1512471942920742,0.14748470904708388,0.14737699465523615,0.1538765291252217,0.15314803892557105,0.1654699550667412
0,Non-Crop,0.12149439871464017,0.15390443247257024,0.073704150891868,0.08020028158070223,0.17741904917143247,0.07400384187641498,0.4458206567189752,0.10925892563532977,0.1164752052307411,0.1339817930313672,0.15298060082891218,0.16644463493813721,0.1315383783076222,0.15851208635174763,0.1,0.1,0.1,0.1,0.1
0,Non-Crop,0.19245344853985374,0.2527544923903783,0.06977676276175185,0.18297772962862643,0.1819346148721771,0.14110851315740486,0.46261739282276393,0.20745221639875053,0.18268718644260282,0.22947992814043078,0.25400242626653546,0.25272674416209284,0.2357747455493664,0.205406062727041,0.17099978757369508,0.1653728431709871,0.1245197218448729,0.1276136895408318,0.1584111257905401
0,Non-Crop,0.1780558324661452,0.2778525175025751,0.12075384896146736,0.15709866854110777,0.1621883161454933,0.09960328899414148,0.3597367967628269,0.17345975839982974,0.18278049404745367,0.18175669988932527,0.1961006187158011,0.22560807944481764,0.19729871908496638,0.16907516113074314,0.1624052186759594,0.12637276669322733,0.1549829393584624,0.11769193394924299,0.17288524658707688
0,Non-Crop,0.21512600430930462,0.16068790279820475,0.14221204359612177,0.018475859202082973,0.10509740357916614,0.09793252777715154,0.4446068861701591,0.18857585449855602,0.22907373850045407,0.2723406735860878,0.2787995591774291,0.25658654232075556,0.2587179049857031,0.17671856066136135,0.19966342762547756,0.1944995879712808,0.14959223292295906,0.15045301984622192,0.14252002497551552
0,Non-Crop,0.2068991838470119,0.2876693439166019,0.11667560613073773,0.17099373778586419,0.14715825960942328,0.12792051147388833,0.42819426482442746,0.2058831814783496,0.21999881790628584,0.23833014553945164,0.27532723140466536,0.26781902194239016,0.23245062840252728,0.22338686534258567,0.20861238354287517,0.15778046948596972,0.15115476846927114,0.16788578014696268,0.13584896241583883
0,Non-Crop,0.12043416674776736,0.17716210534619115,0.11319820929833062,0.06396389604786053,0.16157897989801245,0.10507657263721529,0.35010028493918793,0.10489692477533952,0.13944042140075563,0.16869328369069608,0.1660545177393517,0.1705082357016041,0.16381717807360352,0.1333817031615671,0.1,0.1,0.1,0.1,0.12439851770721833
0,Non-Crop,0.15016692803174872,0.20123221753847645,0.14593239045082135,0.0552998270876551,0.17986130159234512,0.09585487714794,0.33996418406827283,0.14193847863862777,0.18160334344466225,0.18098019337389018,0.17570881545113795,0.19529413977473045,0.15891941439006077,0.16746635082048592,0.1,0.1,0.1,0.1,0.10914731462863171
0,Non-Crop,0.19124464206128453,0.2573029818750308,0.08728099892032055,0.17002198295471027,0.16796758674906398,0.12129588155595261,0.48706845627938106,0.19826646789481922,0.2427405584042061,0.22890240830583827,0.2330093240604055,0.2473891293509419,0.1856041947151654,0.19356360148183432,0.17102152689109446,0.1349973449697496,0.16350931640516123,0.12205362198126193,0.153250164815489
0,Non-Crop,0.18482978153860863,0.28523784393147944,0.09954715630653332,0.18569068762494612,0.194142567181788,0.13918682043813257,0.4152919712918468,0.18098199625184042,0.2182381562328487,0.21803284248299545,0.23208239267632136,0.2621651328520823,0.2275635223829483,0.18105660376952906,0.1757490033586727,0.1213900313006963,0.13152943136296916,0.11781508178900163,0.15859088921275577
0,Non-Crop,0.134595196849212,0.19371033994323672,0.13509063221509998,0.05861970772813674,0.1458467610145724,0.05239959458000731,0.39891725024052915,0.10408289824830712,0.16960896547401902,0.16106065397103428,0.18682029856257665,0.17297569587216327,0.1812823484463986,0.13850646941163433,0.11587750837426998,0.10647001503292479,0.12785749461122087,0.10441792172322617,0.1
0,Non-Crop,0.10144994000352736,0.1609974678181148,0.0723371437827369,0.08866032403537791,0.1033285549263457,0.10028437106431354,0.3628180910467156,0.112717400838825,0.11102547744675306,0.15632268305715286,0.13116113974603374,0.15033683938346498,0.1,0.1319705222323907,0.1,0.1,0.1,0.1,0.1
0,Non-Crop,0.10615995606199174,0.16073082328355645,0.08250515236095876,0.07822567092259769,0.1232779684437479,0.07649308862224061,0.3442539997251762,0.1,0.12480028690658694,0.13521763220101737,0.1408714290021959,0.14704914052488818,0.1394373939643808,0.10689002573768822,0.11179413514433678,0.1,0.1,0.1,0.1
0,Non-Crop,0.23921982790231658,0.18571831071416242,0.09238578941692716,0.09333252129723527,0.10146285392050701,0.13793216592650598,0.3309144302949535,0.2311418496850283,0.28030580987205056,0.27339781200763774,0.2868354479279371,0.29939144830865083,0.26258759502897105,0.2448614273273057,0.21451670669208006,0.1995930046677919,0.18385688120085783,0.18055647963777172,0.18978375301107894
0,Non-Crop,0.16540738309328365,0.1910696987102868,0.10893383779505478,0.08213586091523203,0.11421069598325824,0.07593916074208559,0.4092495935205777,0.18058764250492743,0.16713493399792262,0.2386645781433255,0.21430660713347405,0.1859443844637845,0.17249126888462785,0.17942528933202392,0.1400422239108351,0.1256341801355244,0.1487864818639696,0.10347628807554522,0.1313296239686782
0,Non-Crop,0.21870122860294547,0.23607413603757857,0.0765306370120419,0.15954349902553666,0.1667548272334337,0.08614884299652477,0.40897465685714707,0.17110284135932502,0.23769149430916187,0.27298838232758954,0.2755399149935078,0.30228186463148293,0.2508113754673923,0.22362005499015666,0.2242659240240895,0.17337845020772832,0.17759968879150015,0.17973453775822207,0.163988851169628
0,Non-Crop,0.2338639266304059,0.24656106875658698,0.10254892302093174,0.14401214573565524,0.13313930876965163,0.14800004155993313,0.3639391373332501,0.2382353044078802,0.29121136518663016,0.2453657162255274,0.3148824086081438,0.2808369805501833,0.2735673244488046,0.2744383027855868,0.22753999060603636,0.2040311676542607,0.1898332444631974,0.17624815019736143,0.19801712786167844
0,Non-Crop,0.1333097761812088,0.2208997094047267,0.056113763001222366,0.16478594640350433,0.15220484161712586,0.08799561251474085,0.3089320057754447,0.11210345638058795,0.12507509000119574,0.18122278942293932,0.1837211161299078,0.1785464659453896,0.1734487151582849,0.12717501913893997,0.12242008341836995,0.12221809224726683,0.1,0.1233512376674108,0.1
0,Non-Crop,0.1380203711864341,0.2813549059413848,0.0959822430909179,0.18537266285046688,0.12101851036215439,0.13654158817884438,0.38356376122125074,0.1442081800356305,0.1942378786747152,0.20404369122759242,0.1787652083265549,0.14758265859532083,0.19565548307046154,0.17226407605404234,0.1,0.1303650468175877,0.1,0.1,0.13503901999286105
0,Non-Crop,0.2136290491199267,0.27615414566361174,0.12618130968758637,0.14997283597602537,0.1354004943181243,0.1496726401057733,0.3869005387438609,0.21251412555744942,0.2337411489988028,0.2530063278464335,0.2621849262834703,0.24936573868786974,0.24785742858887855,0.21875287982578262,0.19245569989490965,0.18558542345146023,0.1662683169937492,0.1546001164625633,0.16308122109988982
0,Non-Crop,0.21677025098727776,0.1604724452228343,0.10566956708208533,0.05480287814074897,0.12478755723239508,0.07434456340287447,0.498145011049521,0.22972237063861917,0.25061227380156326,0.27961834141651626,0.27067559243313055,0.27180874594158055,0.24981567296161264,0.23757726578212102,0.1676864968801543,0.16105850686232112,0.19963173824468472,0.11961532081219671,0.17868967611225128
0,Non-Crop,0.22791051185978975,0.24682026382772515,0.05447723725180951,0.19234302657591565,0.15421699104457148,0.05173001227409699,0.4557070742006811,0.22129658895093426,0.2113163279784241,0.26331954135293656,0.25548356504848646,0.2593825507597244,0.234520453591979,0.20934696357401258,0.19028910198013982,0.2027267598165753,0.16883821139734018,0.15780579360273558,0.20771377700915994
0,Non-Crop,0.17600676458991976,0.22922100859106304,0.13887277285517147,0.09034823573589157,0.13805661329472163,0.14085240305005123,0.38827351206395794,0.1791946285454442,0.20180347948348137,0.21580867646569882,0.1969338872508607,0.2602335339190666,0.1870996933897627,0.15586229346670125,0.1542104055503114,0.11893720355431321,0.1260960028954595,0.1418158278279982,0.16063580632198463
0,Non-Crop,0.23311112109534451,0.2963747834674061,0.10578538491301953,0.19058939855438656,0.15657279113442923,0.07975135051137779,0.41690120719666285,0.19716442153667912,0.24611394024299285,0.27408963921812385,0.2810693288103811,0.28245102909014613,0.2351857977704786,0.2723155084399649,0.24567673349899177,0.16904391849155037,0.14700374464885674,0.18337000064188533,0.22307591473734184
1,Other Crops,0.387923446001773,0.6974371416926759,0.20503629989933958,0.4924008417933363,0.34800098866282164,0.2351426394415006,0.3413686757799944,0.34493223386323735,0.5495577013742632,0.52077064559028,0.5940263189472171,0.5175619131754994,0.49564575864527144,0.42880651225675015,0.2930247810787781,0.254167002462257,0.18434618971211109,0.23094106644110368,0.2876682082879013
0,Non-Crop,0.10686645091430885,0.28978836535283803,0.112793749329946,0.17699461602289202,0.19940619833831105,0.1037356404772887,0.4420221783812426,0.11002570486936807,0.1201948904452826,0.16382315573259648,0.17088345942375177,0.13774349556818943,0.15118571715285253,0.1340895411911825,0.1,0.1,0.1,0.1,0.1
0,Non-Crop,0.14890351784169775,0.24683009863202227,0.06310557434216675,0.18372452428985553,0.1716662418133697,0.14805921238047873,0.46091174289372605,0.14152745253792037,0.19179361398469666,0.19493820559979558,0.1580911498142132,0.17483987838834986,0.19833383974467078,0.16493837260855107,0.16632706790770244,0.14471634495656727,0.1,0.1510220602099306,0.11411609496021638
0,Non-Crop,0.13005404560051753,0.23138553051121016,0.0940218972971002,0.13736363321410996,0.13901132134339333,0.1172567195094623,0.4381013264022272,0.12748099590041026,0.1467798628608754,0.15500565490848833,0.17618100854359012,0.16603568323183515,0.19417649382570737,0.11237893400053622,0.12036363829756108,0.12735534766574444,0.1,0.1,0.1
0,Non-Crop,0.23916566476102288,0.24434825808365285,0.12898479084853476,0.11536346723511809,0.11716350174153731,0.07119590902579735,0.406406937366678,0.24834889108059405,0.24113409336581232,0.30002327103465865,0.2756161925885478,0.28140482742908407,0.29653485023515225,0.25614929809459314,0.20003702498505097,0.1810272085796448,0.17830310310529354,0.19911233269499928,0.21105464478115865
0,Non-Crop,0.1488467165424839,0.1854370451572672,0.1408382547371264,0.04459879042014078,0.15026493346222825,0.11561370440820198,0.38309641733992067,0.12183346131917137,0.20382356995426534,0.21491206876274685,0.17011943402769206,0.16166752114434782,0.19316760712462622,0.14835469324445189,0.11116861416583093,0.14724061595671745,0.1,0.1,0.1014017340020083
0,Non-Crop,0.16445512105647397,0.25935564357302826,0.07424159125448639,0.1851140523185419,0.15944983657497586,0.1383857263599959,0.48213554798366093,0.16064461726407323,0.1942538871114558,0.21307017465793496,0.2174228412514092,0.2198104422387335,0.17176831914101257,0.17545857356826056,0.1491911133415985,0.13124844997497878,0.11702551951960276,0.1,0.10282210973577491
0,Non-Crop,0.15752528216738607,0.15021385924312988,0.12317720250869874,0.027036656734431147,0.17517170414784836,0.12469746046867704,0.3690041333220933,0.1131789864741723,0.18855562079387125,0.20039749233890597,0.2012106100036,0.20337750005841643,0.19910350053913517,0.12846991749067538,0.16000541258868473,0.11147968715437331,0.1289578332476248,0.122449421987228,0.11362686307001989
0,Non-Crop,0.10252499797908422,0.20854336512590005,0.11545222690109419,0.09309113822480586,0.1254359538806382,0.09319875924251572,0.3113430276564451,0.1321286595167215,0.13667154153028047,0.11203346626517557,0.11700954258223752,0.1467036603179834,0.10819379288678596,0.12255193333473753,0.1,0.1,0.1,0.1,0.1240998562607738
0,Non-Crop,0.13083077060432297,0.15611599115120572,0.11722715076341925,0.03888884038778648,0.13451574641359804,0.05175899162125246,0.35027480145808276,0.14957769016623695,0.12420819879450001,0.16649869524549735,0.1565836410089633,0.1191052411721182,0.1361672281971543,0.13999555553094375,0.12489799276503297,0.1,0.10943677257111133,0.10347335512604508,0.1
0,Non-Crop,0.13580333221469465,0.17988628178769273,0.0996235173869951,0.08026276440069763,0.19002770271276917,0.08223550934061763,0.43040292306782624,0.15510861990230362,0.17419439221352317,0.13751219922646554,0.2121304383701128,0.18313737339130579,0.17356782949726257,0.12556141036911955,0.1437691110886531,0.1,0.10356866669891873,0.10426926799971115,0.1
0,Non-Crop,0.20249149156335847,0.19041577361221373,0.10987233410567304,0.08054343950654069,0.14439336497031127,0.10969602868455279,0.3581759464488439,0.22009900002445001,0.23886286827158365,0.22702004940417855,0.23123937145157666,0.2734043754536237,0.2533832314132557,0.23024270810844566,0.2080717699811949,0.13392973328664393,0.1222955647079571,0.141118801677062,0.1576216471769663
0,Non-Crop,0.11397831789584693,0.2906688430180172,0.13266863036714513,0.15800021265087208,0.18575057399572562,0.140666881461519,0.381720994144648,0.10941110204269415,0.1425804162023332,0.1789813046859998,0.17966679142656644,0.1751635350534152,0.12091833305670917,0.13153016980886673,0.1,0.1,0.1,0.1,0.1
0,Non-Crop,0.18511588768967094,0.19274524163659673,0.08779881162099616,0.10494643001560057,0.18156217710403869,0.06792098495610258,0.3164403178963867,0.1691464374659191,0.17284126903491193,0.183722415332152,0.24952524793418063,0.1911006029856422,0.19216082348291824,0.19784051446010442,0.16937087155889002,0.15376981059528896,0.13637777077618785,0.130031136880617,0.12708155791807565
0,Non-Crop,0.11455811964750666,0.2148990161536075,0.08381157716595627,0.13108743898765124,0.11226192204574385,0.07961171306119089,0.4772872110710781,0.13612664353696557,0.11857424092452973,0.13159322367843243,0.20295977709213203,0.14686382843548051,0.1182634867112613,0.1,0.11852102733920446,0.1,0.1,0.1,0.1
0,Non-Crop,0.17356155417052077,0.2808849777536945,0.10469348524482108,0.1761914925088734,0.14807814179491136,0.14246009904217127,0.4439379192090709,0.184251705134655,0.20667195474417321,0.2586765705281568,0.2591551804661153,0.20039446264122873,0.24385965963516332,0.16661489551451597,0.16246721040368794,0.1066910670365569,0.14541717656456496,0.11946811561040684,0.11529478516043154
0,Non-Crop,0.19505646151346664,0.20739617325983573,0.11132863938331297,0.09606753387652275,0.18137482955675477,0.05262847723376071,0.39012420958605515,0.20069543898964767,0.2506238775917078,0.241901333276703,0.28827039618860867,0.22256249314194615,0.2245864536320991,0.1946512885631817,0.155814469265739,0.15415466208787712,0.15452654166342059,0.15759485137935034,0.20318848881383816
0,Non-Crop,0.19411684147254132,0.1500378681735843,0.12631743856097388,0.023720429612610422,0.17468481212961182,0.10097227055664809,0.4805837946466108,0.19516370396557114,0.2359700519218256,0.21536449548431413,0.22010241967124017,0.23028797436334258,0.22980225911748564,0.2395902648743304,0.17753733449699258,0.1962797669570031,0.1555494895477832,0.137101374731997,0.18178119816444016
0,Non-Crop,0.12443741571479361,0.1906329082539562,0.05433456199273258,0.1362983462612236,0.13644268113352512,0.08799095448241204,0.4610541194414502,0.10838298139029529,0.1872602362216164,0.15748346033356156,0.17738273419000336,0.1789287435509459,0.13162716054157514,0.15620309150784836,0.11964063513853716,0.11776497118701283,0.1,0.1,0.1
0,Non-Crop,0.18275193456289593,0.2402646663165704,0.14986478849342205,0.09039987782314834,0.12011841421666518,0.10232180199672922,0.3692370615427278,0.15141590454150625,0.20975221289864898,0.22669804103239688,0.22095278583786018,0.20766474304071236,0.20206890375314904,0.18306472393732756,0.1625786762597227,0.14702048792023675,0.14558044519048643,0.12855467464929993,0.17306788697781622
0,Non-Crop,0.172497733232838,0.2360917983301004,0.09917939800626568,0.13691240032383473,0.17332782958676518,0.10666560776020623,0.35431978471607956,0.17879298446194128,0.17544257387826356,0.19612689693053856,0.2218785297013409,0.22495756087908172,0.1530080747804478,0.20061616268630744,0.14506861237205745,0.10802265877947807,0.1424425583786218,0.12407915991131196,0.16154403248996352
0,Non-Crop,0.24648810088005765,0.29206747548545675,0.0858532683369844,0.20621420714847236,0.11405791286630823,0.0825666732278094,0.3060966520622776,0.24530730424824393,0.26504315235421244,0.3445791890726403,0.30619015295491303,0.26720011769878116,0.2895230560536922,0.26137363569847405,0.20795072725520053,0.21442408718130837,0.20821462026047488,0.21903197563585508,0.17569763953150358
0,Non-Crop,0.24987243501679882,0.26232587826927767,0.11143816397567535,0.15088771429360232,0.14232591427658292,0.11181522902595573,0.36832321249346694,0.24823974781657393,0.26651166055023406,0.2956539173865489,0.3123851911301578,0.27724929631146555,0.2634802877186252,0.26992053272204986,0.1981864145593258,0.20034772838756068,0.2618096682167328,0.1825659619918563,0.23755147457347428
0,Non-Crop,0.12629825175678988,0.2673931183615514,0.11638101052502828,0.1510121078365231,0.16832083095475864,0.098155339712726,0.4334003065361729,0.15787892577862989,0.1603988299255618,0.16987957038187168,0.1829128778889238,0.20572338632814371,0.1535831246641126,0.13173301492209177,0.1,0.1,0.1,0.1,0.1
0,Non-Crop,0.14712511191879454,0.20613191936085867,0.11206369521207596,0.09406822414878271,0.1762525677093976,0.1235558198267917,0.4628847134158304,0.1504644643854778,0.20030999549158743,0.17698340804455462,0.19913325435633816,0.20753115981656112,0.1506245344868698,0.2161128902446389,0.13015726578986528,0.11212477616490998,0.12338616666903814,0.11747800484584209,0.11260965602820414
0,Non-Crop,0.2363608789541942,0.18273705821717307,0.10243754866553567,0.0802995095516374,0.18424721285933582,0.061114782746710894,0.4589324308587924,0.2461420289650253,0.2502682281160569,0.253911480904192,0.29518906810113676,0.32141343972376435,0.26048560483205846,0.2225927766146418,0.257134557982901,0.1994319681431948,0.2063755387208031,0.17383534878126228,0.20127927402273943
0,Non-Crop,0.12656748530175596,0.22925170401548312,0.130356760140031,0.09889494387545211,0.12154532769556434,0.1027373289970841,0.3481369818446682,0.1341742183080736,0.18124119702821914,0.1948449316632368,0.1937339304669941,0.1287787764327495,0.1749121550679123,0.14773375342595427,0.1141472114588419,0.1,0.1,0.1,0.1
0,Non-Crop,0.17476627606524917,0.22414713720750895,0.10884438276405231,0.11530275444345664,0.13628200304713317,0.11131075959555897,0.4756432620548406,0.17676651354767678,0.20963368982084812,0.19687312151572056,0.24969880530372504,0.2220915731709619,0.22304186867563958,0.19935058379753534,0.16790940404671356,0.1431845110778762,0.13065856706976112,0.12556052393580241,0.14914839446241118
0,Non-Crop,0.20849349225142244,0.16060022854621175,0.11817831212123454,0.04242191642497721,0.16867166596048488,0.1405860563792527,0.3745864264940184,0.20460179899062908,0.23314218017033747,0.24109657386073335,0.2547353388035005,0.2807849649837001,0.24026552240340499,0.21825514282546216,0.16200997528178226,0.16446848933337144,0.15479068829327303,0.1439644088093974,0.17364978420697413
0,Non-Crop,0.10470061910150895,0.16600724578025633,0.10499974854873578,0.06100749723152055,0.1591407412898914,0.05289869300937581,0.4146753576003117,0.11478162585621418,0.1440214143880028,0.15186482013765654,0.13427241770422293,0.1459737351187347,0.13618448779581857,0.11756211985368635,0.1,0.1,0.1,0.1,0.1
0,Non-Crop,0.14915904350231066,0.20639416532420307,0.1397057468372292,0.06668841848697388,0.10171220857971619,0.1198820581244282,0.4909555104850431,0.1382808424320455,0.18964737382907498,0.15397532101368078,0.1883383477113573,0.18492480394604247,0.14635661500551927,0.1861096640506901,0.1044358567445632,0.1,0.11844213277515848,0.11413373663772836,0.1
0,Non-Crop,0.23516968589292578,0.15239185296799662,0.13530406621165098,0.017087786756345646,0.1521002172948357,0.11213020891720987,0.3182742881122829,0.20568266877243188,0.25185455956615665,0.27780476582321156,0.25134325727477747,0.2924968796422164,0.28029732575063426,0.2624480677248062,0.26431546245470355,0.2056638481127077,0.18501152247829408,0.15518181196977998,0.20773171824642314
0,Non-Crop,0.1917029546162713,0.22842412909663928,0.05076978029547128,0.177654348801168,0.18300653721957794,0.12041223542324346,0.43236585793562066,0.1878629292110429,0.20367014705476888,0.21816040482508625,0.23181222945254026,0.19611217729414487,0.20712817496363709,0.18755189189806779,0.17065662974389348,0.1564978320458207,0.15007546610552866,0.14345823343425515,0.14479707661089655
0,Non-Crop,0.14972384098823244,0.2936484711583046,0.1322583732161432,0.16139009794216141,0.16615820213755933,0.06628582916378277,0.44686468164370496,0.13895378794377916,0.20632392595440788,0.18821520721155116,0.1976904266831022,0.2053862319876517,0.20439188105111794,0.13875455687962818,0.12226234404012096,0.1,0.1,0.11312949454725475,0.10716201506868728
0,Non-Crop,0.2093877959692622,0.15535664235422145,0.08651633556780287,0.06884030678641857,0.1479169347395442,0.06864168552101847,0.32403830828910773,0.20488939135055179,0.22080984956995833,0.25581012682417387,0.26058536760244494,0.25435606102801334,0.24756423040331935,0.2078471399092985,0.18211692119076814,0.1991501369955738,0.17169839828031608,0.17798050345496128,0.198632871397424
0,Non-Crop,0.20281099345604817,0.23010034586212488,0.07369563625881567,0.1564047096033092,0.1743888144118619,0.09734378678382744,0.35895833680150185,0.21530583398567826,0.24596127253526312,0.21987505982437325,0.2672741815532576,0.2709695851958835,0.24490933858308342,0.21818150405863726,0.18261561989551764,0.15577082740841564,0.1696454139707539,0.16653171871772166,0.16099123624476314
0,Non-Crop,0.11056599789553906,0.22069422427999752,0.10483319985297956,0.11586102442701796,0.10929116613297034,0.08774977091375226,0.3634164834785901,0.15164790955401192,0.1437267760051294,0.13770828009053568,0.16880504879106573,0.16737747877655573,0.16037789350254164,0.11507887770939781,0.11255679056651585,0.1,0.1,0.1,0.1
0,Non-Crop,0.21954621683437195,0.24139461589371214,0.06158527770037645,0.1798093381933357,0.12914806725790987,0.14688424070983913,0.3638844197428409,0.22502205534009595,0.23278641868184155,0.24340140480382605,0.2892919867108278,0.25926696457999066,0.21210856721341736,0.24355053150036732,0.19324402533747523,0.19326273784177403,0.1923385370180748,0.1753929510414548,0.1435596119848288
0,Non-Crop,0.15083228293730114,0.2772204433954767,0.09835070745776653,0.17886973593771016,0.18327230977971465,0.06052184741418243,0.32820495772006714,0.15208091700384999,0.18159413561559562,0.25663733041391706,0.22759571042916393,0.2103197782928436,0.16249980041047507,0.16076007984988436,0.1170306396758924,0.12943437511756098,0.10476511656874343,0.1,0.1171777583271516
0,Non-Crop,0.11369914665479985,0.18056907529498825,0.053110858418741615,0.12745821687624664,0.15132935824594984,0.05845326152935724,0.3938788757062658,0.11680208702844926,0.1437834286445478,0.1698577577956131,0.1697710948723562,0.19185619497266923,0.1874668026616844,0.11266451225276138,0.11556134104396934,0.11815102544757017,0.1,0.1,0.1
0,Non-Crop,0.12150635066023593,0.20609553889159987,0.1239289628746437,0.08216657601695618,0.19161871480738876,0.09577140514982324,0.4285647376550863,0.15030855306161942,0.15252608587813238,0.1503594622697765,0.18736602914078357,0.17828599209059906,0.15214682376259475,0.13388825819204178,0.1,0.1,0.1,0.1,0.1
0,Non-Crop,0.22744167797666198,0.24490654649492888,0.08525278512638514,0.15965376136854376,0.10768110276399206,0.12530576099149093,0.4453052387219846,0.23207018734290813,0.25969698689547327,0.28015622398677353,0.2915371069120992,0.25147816148370444,0.2957094929626858,0.23997775642851052,0.22449915884899382,0.17436546823656296,0.1748471581898938,0.18703513826203697,0.15607650724820088
0,Non-Crop,0.13318530218768532,0.22910902711317707,0.06698203458957346,0.16212699252360363,0.18004100633251036,0.0984368151342658,0.41477255479253006,0.12448143554372945,0.13966105463280812,0.2008163818489196,0.175604535628593,0.16415189045365947,0.177248009591294,0.11263424388241498,0.12814835172818326,0.13097317175430606,0.1,0.1,0.1153094902473154
0,Non-Crop,0.2437831011924292,0.23946841594609247,0.11363026718190557,0.12583814876418692,0.18492687504381813,0.11698908678584068,0.4465865244035045,0.2311340733134119,0.24163438000793477,0.28624280101734667,0.27003524125785894,0.2909104888912983,0.273558660477614,0.2768573263437537,0.23634519313361924,0.22550168059277476,0.18511469766019892,0.22643025294502492,0.2263790468363584
0,Non-Crop,0.18229575875433657,0.2451055460120413,0.10890946758165809,0.1361960784303832,0.19151937114245665,0.13982726644925536,0.4941968115753741,0.17180238314302929,0.2214908831385769,0.19424764978669004,0.22381540558612295,0.192339494048877,0.19814623841323273,0.20219266099520117,0.17486446489426483,0.14547390789964962,0.13682727275232193,0.1,0.13956749686439868
0,Non-Crop,0.1319388925723902,0.2113784062079698,0.14917863552879296,0.06219977067917684,0.10008536974374033,0.06972058972310008,0.33767859648071474,0.11389389506310484,0.18246959288875853,0.15067585611436285,0.1789751234304553,0.15986374065903608,0.15766302055011752,0.1205255930442245,0.11591762382471103,0.10052802955305343,0.11110602416516316,0.1,0.1290184107652302
0,Non-Crop,0.11473133335732955,0.22857834105642338,0.1014502164857092,0.12712812457071418,0.14681020444496054,0.12405183646824493,0.4665008800064709,0.10258487244791124,0.1472561457077383,0.14271767611330674,0.1687032286918861,0.14178454018188408,0.17498070957364764,0.1,0.12183784856306518,0.1,0.1,0.1,0.1
0,Non-Crop,0.12046766774056879,0.2352457656892255,0.12981250480064294,0.10543326088858257,0.15255407311257163,0.059106635598747265,0.41657720030944356,0.14999826848962283,0.1588663782265541,0.17789377222631073,0.1851528628502202,0.14340513115895318,0.1633473743847831,0.155216277307093,0.1,0.1,0.1,0.1,0.1
0,Non-Crop,0.1014658347129222,0.26703098583017865,0.13198821312594478,0.13504277270423387,0.1965510824567933,0.06806437332246949,0.4189105124721896,0.1,0.10905605878075622,0.172303295657492,0.15802609336465534,0.15890260788309413,0.14616076270216125,0.1,0.11168598500790855,0.1,0.1,0.1,0.1
0,Non-Crop,0.16363558679429102,0.2238634034097892,0.13563533488135088,0.08822806852843831,0.15231922536086928,0.08624598486145604,0.34954723280702316,0.17245402098260876,0.13642933912075444,0.19503551003737213,0.22044246293394373,0.19787809719043686,0.1675990242776557,0.14568981369540593,0.11385415477930122,0.11313475401766097,0.13589231989625672,0.16292718712453835,0.12908222510463327
0,Non-Crop,0.20780430807213085,0.23206669796074214,0.0946781163031378,0.13738858165760434,0.1809784026738314,0.0743495259185182,0.47663519412286465,0.24890050444490383,0.25475587892338897,0.2532715591296807,0.26168695309986056,0.2821661851586111,0.24931947221960563,0.24603286881652595,0.14639218816247238,0.1791887485367104,0.1486191048952483,0.19498565409153376,0.20345526553740784
0,Non-Crop,0.17588893817382556,0.22641028042964556,0.12253105755407004,0.10387922287557552,0.14986244632662837,0.11084910865636169,0.4795548136510102,0.14270168898923016,0.17138951228463106,0.21804989244587972,0.2158563949682294,0.22585759401105016,0.2332599419977494,0.20024410269357246,0.14442405513110612,0.15654797129854434,0.10873148587376036,0.10509791940097975,0.14824466324934665
0,Non-Crop,0.13009655244357937,0.2984380611211005,0.05073104886549408,0.24770701225560643,0.12634833771429033,0.06998602972741988,0.3027986820340925,0.14824719845943332,0.17587271504695082,0.15878816648121993,0.19605103169159216,0.21493044957206925,0.14624716147604186,0.17314731868111471,0.10157038923507176,0.1,0.1,0.1,0.11305453864450508
0,Non-Crop,0.12326404094065035,0.19019946731930454,0.08931770315876005,0.1008817641605445,0.12799296216564435,0.07278102906761315,0.4610715340323551,0.14189864196006735,0.1865788171269234,0.1658340012735412,0.17281339505265977,0.179701142824358,0.14169959873374824,0.11737362931361309,0.1,0.1,0.1,0.1,0.11021476317075594
0,Non-Crop,0.24485333748405538,0.18632581845709156,0.12212540974297395,0.06420040871411761,0.17551177893054173,0.07209981575236352,0.4001993673224391,0.26904072105075066,0.2554993466870497,0.27785981772243845,0.3409689679414487,0.2762454799431549,0.28962114393778327,0.26315118312870106,0.2351176199571761,0.2126532235697492,0.20350460283858451,0.20234593556970928,0.20853795403001457
0,Non-Crop,0.19579380986536385,0.1741611267104203,0.14804488986363928,0.02611623684678102,0.17039859218646633,0.12533775452463683,0.3131553406822289,0.21087489556227812,0.23422554487017744,0.21364013642676805,0.26566744606178716,0.2212966680019373,0.22518911708882075,0.17048742686048646,0.17466528132736345,0.1378819557367386,0.13794016078861482,0.14904580492589659,0.17706128972431923
0,Non-Crop,0.1802543819153176,0.24424398427223287,0.14218787933693489,0.10205610493529799,0.11786929522863134,0.07955524986352176,0.49515786726882294,0.17619590278463304,0.20313073093200343,0.2139082137954489,0.23192996292285947,0.22497909137513702,0.19335702051254952,0.22096815009726758,0.13297213581664116,0.1567808880138061,0.12935392348571212,0.1703248044834756,0.15179465762176242
0,Non-Crop,0.1220307813749811,0.18446019811777928,0.06073186604740151,0.12372833207037777,0.11396383992299124,0.10125839669342332,0.3642358517934928,0.1280384001141388,0.14504546138123298,0.16697276798967745,0.14777732402610125,0.16161470643694065,0.13895731270454317,0.14238690009067467,0.1053113065552051,0.1,0.1,0.1,0.1
0,Non-Crop,0.19271359347474856,0.16011357993055225,0.09647237562500374,0.06364120430554851,0.16094615860107644,0.0921858392367497,0.3038252701247461,0.1789665047875827,0.23864958647542725,0.18736943524901462,0.23196715939737778,0.2545447395424319,0.2167553145121737,0.1833528147007361,0.18398956717904286,0.17300033341729518,0.1480497964957949,0.12874297254533398,0.16656064357926384
0,Non-Crop,0.1452316019933298,0.21811142164685127,0.10261427596891463,0.11549714567793663,0.18505066043781954,0.1431607495147661,0.4859305755581112,0.1,0.21060794062088384,0.17772990085202794,0.24388681506707885,0.1982437606573188,0.17110161569710414,0.1559594968824693,0.11350700626597181,0.10861768517905411,0.13656750877423876,0.1,0.12062187989351382
0,Non-Crop,0.12100385342048284,0.21012186664736243,0.057525760130820586,0.15259610651654185,0.15452110788174003,0.11697458074256391,0.4882443270190581,0.12675749429399727,0.1784777291444975,0.16232304366556585,0.18601314280775413,0.20749891404347856,0.1770598020115816,0.1511232477925731,0.1,0.1,0.1,0.1,0.1
0,Non-Crop,0.1763110434145213,0.24647421767450123,0.08942377361293011,0.15705044406157112,0.14681777628802004,0.14062657925730493,0.4861407986384948,0.18232199238254126,0.15555379627462818,0.2248773874778491,0.25537655624228284,0.2214347010129961,0.2100367764767047,0.20168033774719607,0.1721625669011604,0.1616808884373255,0.12705096502792362,0.1,0.16455438097168296
0,Non-Crop,0.15901203645256362,0.2600904682099926,0.14212864116801072,0.11796182704198188,0.12516794038603105,0.08552355173305026,0.33079219882088523,0.16126477008907641,0.183916948066013,0.22669262610970117,0.2397159296794114,0.18735521035382946,0.19116101404111124,0.1795530030240523,0.17179982438406657,0.1355417176335098,0.11595379860115541,0.12439667335905931,0.13721039686076922
0,Non-Crop,0.24849024271944994,0.23719240979415895,0.06088816160311658,0.17630424819104237,0.14591299077754366,0.12876011464616444,0.3055450649523698,0.2486677118964982,0.30760700399110297,0.27424295194007176,0.29293956566051355,0.2761167287376406,0.3015604958381188,0.27214032570991753,0.20538482492789256,0.1702808693846132,0.21692776041288736,0.17375868654653137,0.22977855357671034
0,Non-Crop,0.1343978425461481,0.17382565430730235,0.1282439409498875,0.045581713357414844,0.17078920306979334,0.06826389757017984,0.3232491505379876,0.14368311741086395,0.16972901026684306,0.1999959059217135,0.15858515236616683,0.18026326068351278,0.14296096223352237,0.1404349973678734,0.11233517540805187,0.1,0.1,0.1,0.1
0,Non-Crop,0.15424245119227487,0.26347257736498747,0.086891437335362,0.17658114002962547,0.17151719526095807,0.08694787236337333,0.3846478882980373,0.1663781441313616,0.1799341766233029,0.20726672481830957,0.20674961430225625,0.19952337925254043,0.18985453320651213,0.2043481742512146,0.1272245258873303,0.1574887705381331,0.12241320800502717,0.11360019562734643,0.13005600631419145
0,Non-Crop,0.16927966885002543,0.24594026227696741,0.09557062844202974,0.15036963383493768,0.145777935126564,0.05163059017865049,0.3348128274814617,0.19571728869322147,0.19230977496474785,0.21501805629959464,0.1833413983210939,0.19968076193554019,0.1932936597772076,0.1804924369203002,0.14376866668726926,0.11069302011860216,0.10471182311472013,0.14549992083581317,0.13889834496357584
0,Non-Crop,0.20641041545789968,0.15921098747116824,0.1418934743110497,0.017317513160118536,0.10810749161472988,0.14142313763441625,0.3981614498905406,0.21520173095121847,0.2294175246752586,0.24884231946273283,0.23462848353644147,0.2812229270098936,0.29557829995150836,0.2068594309298636,0.18982524349089125,0.1888712295616728,0.17772330302448736,0.1620304008510566,0.15161001881000932
0,Non-Crop,0.20236756302856002,0.16280965382026216,0.11265033072660964,0.05015932309365252,0.12807519507463413,0.10070029904961719,0.45466471054081536,0.18901988194135746,0.2335414589843214,0.2527902928962182,0.2538651889957551,0.2514067368565632,0.2288148732243704,0.2293426619960815,0.19955295054738156,0.14486537532028063,0.1332792450821333,0.14933386095487183,0.181827289232144
0,Non-Crop,0.1900895055369175,0.1687226503562764,0.1296596241407908,0.0390630262154856,0.16417464425010575,0.13747265052212082,0.45696744995652705,0.18472935068681035,0.1965787112098742,0.22356441535882818,0.26852567110516995,0.2482359956132611,0.22816105629500272,0.16083809014597597,0.17880661048731047,0.12565572862366853,0.116045627767565,0.11921623962685894,0.13935582005767194
0,Non-Crop,0.23506079778476008,0.19606236196250115,0.06866942974614121,0.12739293221635994,0.18385776663714248,0.12417833308897032,0.4861674063119821,0.23057597867379634,0.2548153803418787,0.3218428957202942,0.30112176519358885,0.330138687476287,0.25504514233154785,0.2404174662499905,0.19087912109474614,0.18102933697757223,0.22422255487475526,0.176673898254768,0.23816940750912968
0,Non-Crop,0.14554075706306385,0.21163530884828818,0.052308962268220086,0.1593263465800681,0.16685251384461136,0.1345105640980262,0.37092541888862374,0.13365835329216583,0.16199197085201453,0.21502447936562338,0.18045008643378527,0.2033841806762527,0.141315706059284,0.1332739168902605,0.12373297437461803,0.13188302849667935,0.1,0.1,0.11571079053638353
0,Non-Crop,0.19611000389611682,0.2720123121481303,0.08494744959581693,0.1870648625523134,0.15953107518434503,0.06706435887521053,0.36227526738106475,0.22060277852042032,0.21241172044784923,0.2550916842721528,0.2567018920760923,0.22432873651412727,0.21429444690178895,0.22904235811540472,0.16306118953794754,0.16076723133463,0.13158267228633308,0.14188474642464266,0.1599097487381978
0,Non-Crop,0.14271879836000714,0.16677899195194837,0.11315369097426604,0.053625300977682325,0.1242397876251889,0.07776194996193883,0.4796477196400295,0.1,0.15245896540962733,0.19399280157628832,0.1976219798383028,0.18725964027911193,0.16416345232370916,0.1182023957944184,0.14445704735551426,0.1,0.1,0.1,0.12731557560750031
0,Non-Crop,0.23188735646166772,0.1743718730065355,0.056439294646623644,0.11793257835991186,0.12691864401716874,0.11069454128382038,0.3246175706806541,0.2771387326283741,0.24576432415517485,0.2652906692779919,0.2929553371983578,0.26617590196821594,0.2751902533012292,0.22457250272908028,0.25099058722873274,0.2009427311481172,0.17061039159687866,0.17216730873912534,0.18633434512898744
0,Non-Crop,0.19799353671392253,0.18509947181859415,0.06836615387818858,0.11673331794040558,0.10099536257133644,0.09716430971017236,0.38572911386303654,0.22605163239316634,0.21507754703059545,0.2543961498153701,0.2564182724619656,0.23964092200813106,0.19473893226145472,0.1785321353424263,0.15359998203268563,0.1697944265145323,0.1625086423002738,0.13247103140000321,0.16114108384706494
2,Cotton,0.5103061305864566,0.8050716204535212,0.24067423871913113,0.5643973817343901,0.3821573562268854,0.2942577731892887,0.16664194379316027,0.49455510177388246,0.6207633577740443,0.7159542748110918,0.7498809968179909,0.6866299614625501,0.6676446589866168,0.5564592151670356,0.4546482994958512,0.30533932146397524,0.24852033801458429,0.21697537220138255,0.32804971246204084
0,Non-Crop,0.22112673944577232,0.22221943764560773,0.11548480623891279,0.10673463140669494,0.11892735001678756,0.10335076625164867,0.3635952098893243,0.2512584363684438,0.2479321107090611,0.24983699687069663,0.29565221187598645,0.2735692474131298,0.25412223878568035,0.20782808104697648,0.21086297619584793,0.16959229159341455,0.17847907525509749,0.1741513085090681,0.20753205408535086
0,Non-Crop,0.10855098919745386,0.20711756018881644,0.14032066679157895,0.06679689339723749,0.10209829962863032,0.09746481577818049,0.48623161822212446,0.1,0.1,0.12804527313518538,0.20628598442299229,0.16847139601739342,0.14224684324215192,0.11197377105673112,0.1,0.1,0.1,0.1,0.1
0,Non-Crop,0.24114349318884024,0.23411206168106474,0.11587776784877045,0.1182342938322943,0.13676895225363533,0.12819942855110603,0.3333132500168812,0.2386418825494399,0.2543144833476491,0.2918734132545415,0.3030284384635867,0.3403686503399455,0.28385249934359397,0.2606848766786501,0.24650196427832205,0.21394044883291982,0.1914926919266552,0.19971178014055593,0.22296261762334785
0,Non-Crop,0.19270334180222687,0.2363161389795998,0.08942419878349164,0.14689194019610816,0.13066739716880763,0.09070107922373224,0.4147822812066796,0.1605741637814186,0.20690846299820717,0.23861676681506705,0.2744225926054051,0.2344628948449038,0.2104621660461339,0.20598714095914877,0.18455611008363387,0.16368801348023587,0.14026711175994513,0.10565540579070692,0.13907400574158063
0,Non-Crop,0.21951592908547682,0.27636462032256703,0.09012299996116918,0.18624162036139785,0.14298457437063503,0.06481777303294736,0.3095095217762327,0.20822869801425364,0.2471466732217922,0.2672868986740885,0.30347160801211787,0.268649189607185,0.22146300308744335,0.2215525006078702,0.17600389980121817,0.1780937332474274,0.1988176383518805,0.18075457147990612,0.16982321687075747
0,Non-Crop,0.2107824811555164,0.22190284338237498,0.09537417590943015,0.12652866747294483,0.18514350378574748,0.12086035243406687,0.3065821593909878,0.22509466251497823,0.22688902990246965,0.25353516809921456,0.25342854655871283,0.2715764716937947,0.2693658538949058,0.23381144570233264,0.21168205179674252,0.19140302513483456,0.17293109371895576,0.1400505442381541,0.2095248952653268
0,Non-Crop,0.2075087174022176,0.28144590445001905,0.07722188008397757,0.20422402436604148,0.13420767959710708,0.14307393963624127,0.4157023584818891,0.2179069188489493,0.21108708761752695,0.23367459305519833,0.27077317383591465,0.2544273112447757,0.25863540290233045,0.2080992790109056,0.20476005203382247,0.16887559611623082,0.1441761867770033,0.17812576033926297,0.15238048281584118
0,Non-Crop,0.20364612267273458,0.2830400894563805,0.09530240136012064,0.18773768809625985,0.1771640737195302,0.13430434366717034,0.44217512551670846,0.25050326283848273,0.23051270942529753,0.22483592833584895,0.2704794470700429,0.2864255411333878,0.22711875567339995,0.22752375384785625,0.21068152239283197,0.18614730878674124,0.15728078723895128,0.14173043377531472,0.16674351543394328
0,Non-Crop,0.20109719084748262,0.277388793974947,0.06385474424446944,0.21353404973047754,0.10307529405097164,0.14343745403825015,0.32954566117011486,0.2107071955101958,0.23427536387420564,0.2290060137045838,0.25898916040702186,0.26152767513173864,0.2374595269364732,0.1713115360983002,0.1518346521241843,0.14689242641203942,0.14998213995612697,0.13786003901217544,0.17873841487734707
0,Non-Crop,0.19745992731360862,0.28518131037624184,0.13307927228390742,0.1521020380923344,0.19384664626177633,0.13688334727016074,0.4737387789797704,0.16577337575664067,0.2499168725292959,0.24270714302637802,0.23941299732222596,0.23536500373518834,0.1870790964101589,0.21638265970922926,0.18515791007404211,0.1557381999015503,0.17415312557938722,0.12183653320053477,0.1502474615077367
0,Non-Crop,0.11665695809378475,0.29566582625471316,0.10739174439595789,0.18827408185875527,0.1127805842795213,0.08528060092659058,0.4094078287241312,0.10601372782415575,0.14138175911816667,0.13739515624048637,0.1712553905299453,0.15976523508320375,0.13760875286998134,0.10642312626164535,0.10458595250431163,0.1,0.1,0.1,0.1
0,Non-Crop,0.10697777445176031,0.2279753050732702,0.07478969727508757,0.15318560779818263,0.10953738078980275,0.09239125874876322,0.4830281479034789,0.12347180926748225,0.14266531105306357,0.16048193763016996,0.18460944318888248,0.1300548281981262,0.12743771953081587,0.14929975086074504,0.1,0.1,0.1,0.1,0.1
0,Non-Crop,0.2123159982732712,0.2811408039887275,0.1382885306645184,0.14285227332420908,0.1227698713425826,0.1395909138731491,0.368310246371021,0.2344618834209834,0.2176635145544105,0.2486367982929258,0.2596774398980235,0.2862895352051479,0.22597076435835986,0.24132525490819656,0.1654556434808248,0.1993467855298309,0.18047716057755725,0.16125663377431626,0.19537245623169527
0,Non-Crop,0.1478388573147834,0.21482508827609786,0.1213891469328113,0.09343594134328656,0.10131221255616335,0.0815785383439879,0.45596851620386336,0.17175769546348957,0.1894450622601938,0.2010467660878466,0.2099712880802498,0.18099745101459333,0.21491946754579452,0.15575736633683776,0.1363383296326765,0.1,0.1,0.10943856375781495,0.11691211095503953
0,Non-Crop,0.11235197436186796,0.2822296572063009,0.14152779789128345,0.14070185931501744,0.12763793453158995,0.08772857243712398,0.43203759949957166,0.12822102413855666,0.12916751312246189,0.1409528720736525,0.1438665583897767,0.1447059949869332,0.15225771040666425,0.11485254923998203,0.10909756233202114,0.1,0.1,0.1,0.1
0,Non-Crop,0.2153093842018122,0.2636719958541399,0.11706877646636611,0.14660321938777382,0.1449130565893491,0.13906403862806171,0.42451569804425976,0.21319888542639312,0.23392000938547014,0.2906437786341294,0.2759786071267811,0.2898017647645039,0.2503395548419109,0.20539805387634374,0.18610336415976145,0.179528564285708,0.15390287399769081,0.14521394229610146,0.2040607085590331
0,Non-Crop,0.10782358462799939,0.16489400194452053,0.12017547722584983,0.0447185247186707,0.13680697052172988,0.11713340311030056,0.46634422405598364,0.10253135258330581,0.137487282508951,0.184660069034917,0.15566028652269354,0.16727347774585877,0.15120679104259108,0.10156256657731966,0.1,0.10052372508712282,0.1,0.1,0.1
0,Non-Crop,0.14495467470700069,0.17495440864675826,0.06477235283971317,0.1101820558070451,0.13149095475267164,0.10926780659137456,0.3716804477387633,0.16436734815922954,0.14346084260107364,0.18975444985866888,0.17678465998290807,0.18518820158375404,0.16798295031472538,0.14345399079563662,0.1674744550040454,0.1,0.1,0.1,0.1305531975565162
0,Non-Crop,0.14524053494457467,0.1620336437701545,0.14394336228961874,0.018090281480535764,0.1548538992071189,0.12878331881854965,0.4316714184370592,0.1274945076038507,0.1698282959633361,0.1673107331559946,0.20339997266080798,0.2267905090274166,0.15123557804774837,0.16604748963999252,0.14867418774250654,0.1,0.10509059295938421,0.1,0.10754020080999499
0,Non-Crop,0.24288789719761286,0.18961655852686135,0.058769670916230934,0.1308468876106304,0.14755700767536536,0.13566982231275687,0.4103948390543559,0.2395251042766295,0.2698590759259778,0.28308453411354034,0.30881719797656954,0.27499712065313114,0.22888257916994872,0.2593612747881138,0.24510542423929174,0.21397525732738715,0.18120678140499774,0.17224144150073456,0.2175008315546997
0,Non-Crop,0.23054913905570382,0.21295423852493955,0.11545765141741385,0.0974965871075257,0.15040710038566735,0.12273535170759595,0.39584847500786613,0.21268852901753343,0.22672347466476891,0.27059411043249554,0.3032116269962298,0.26647442261053317,0.24814200771833655,0.2581054333809963,0.22711197240931755,0.17686071125630978,0.16465490717189316,0.19918876754938453,0.1626347111145246
0,Non-Crop,0.11563647983271663,0.25182961336282705,0.127909793979317,0.12391981938351004,0.15009294044165056,0.08638327102683854,0.3864085427052953,0.12473799134712404,0.137399733484895,0.14350952733680944,0.17855283391001753,0.1778858540673765,0.1013945266403126,0.10964052204908023,0.14444764307217273,0.1,0.1,0.1,0.1
0,Non-Crop,0.2167872773080965,0.2934601169150125,0.07664669412092026,0.21681342279409224,0.12676481623668492,0.138895225569064,0.4544452746771359,0.1968454548227896,0.24792769356286373,0.23442743450362702,0.2669386306327731,0.23350240273923714,0.27327069627697337,0.2176188353383943,0.1853767457332549,0.15603238688165905,0.14307106422587845,0.17756926834868705,0.20158629882228757
0,Non-Crop,0.19540027059834408,0.2919294425922848,0.07070008315580452,0.2212293594364803,0.1989039241755796,0.13309561775565132,0.41779451777526844,0.21987186379352955,0.2460704820962271,0.23830035647627898,0.2563743632285191,0.2677360720720692,0.21284955710521405,0.19608793392697138,0.17818184247413266,0.1755521205925358,0.1648272077294617,0.14283677464122843,0.1299510652322303
0,Non-Crop,0.19049234791758826,0.20631766800858187,0.08531734622097055,0.12100032178761132,0.18269768772209474,0.05095617128504783,0.4595893541784845,0.195729054329019,0.21523333541461695,0.2203180214635568,0.24283097047508692,0.22710178812514842,0.24002272852714135,0.19333218183045742,0.22076389607602442,0.15109526752130537,0.14387125693603478,0.153109304618665,0.17195635172377913
0,Non-Crop,0.18568927426639292,0.16277507500658345,0.1097398891187153,0.05303518588786815,0.1686580928021288,0.07203210287124283,0.37882267670254566,0.1520479285924372,0.2359825402336127,0.2086611777440712,0.22905375533669692,0.2575783681292285,0.1833348523620109,0.22259056485888748,0.16307730380406188,0.12487748319622173,0.1318657498401598,0.12329112490520643,0.15922865396598765
0,Non-Crop,0.16630414126456355,0.17883480067905957,0.09499595763686094,0.08383884304219863,0.11571628229917501,0.10590065389858902,0.4327426505040388,0.1551615434925954,0.1775009517842454,0.20035528438154018,0.2576015424699816,0.19000192358438753,0.19619236801257656,0.1826674001421935,0.1730747543125782,0.12181060052891113,0.1,0.12414794198074922,0.1573203996055515
0,Non-Crop,0.155916556868393,0.18640415976836017,0.10174655536537264,0.08465760440298753,0.18433611288719898,0.09362671348044198,0.3866684060736646,0.15915827072132852,0.1971356453169569,0.16563767693626483,0.2147855583485259,0.22798829835947146,0.2235973438327636,0.1695970124685839,0.1485134473749615,0.1,0.14903510194505795,0.1,0.10197011742137259
0,Non-Crop,0.16806234309063273,0.2823404274854252,0.06479111363455288,0.21754931385087234,0.15083470960136366,0.11469656840213087,0.4033696912615852,0.17582277919660533,0.17619913454306096,0.23804672393258858,0.2027056618789769,0.24794927921469076,0.17248676772818763,0.1805725116394517,0.1810494316198747,0.11288583575335341,0.12084903887536382,0.14326191420455656,0.1
0,Non-Crop,0.2351173000282638,0.2859795948179234,0.13219173805887618,0.15378785675904721,0.137529807537312,0.12172991516875344,0.37905769221392194,0.22111494819195554,0.23525419428612712,0.27302072064958366,0.2743565353392338,0.29250816707877214,0.26401300868961114,0.2547273483222956,0.21175770918207693,0.18397502784249128,0.17456958318708748,0.2280698622557274,0.20434370239428293
0,Non-Crop,0.13315987975708252,0.21835254997519746,0.08310043359831815,0.1352521163768793,0.1712621079348322,0.10111605960413167,0.33207182112078004,0.12684474301269874,0.16915998855950481,0.1926865077100683,0.1974459261230462,0.17858909089331806,0.17414943545030695,0.10901561825411422,0.13750793551821716,0.1,0.12368213211512598,0.10770966556348337,0.1
0,Non-Crop,0.23229436417478028,0.2778104756742835,0.1006366253561789,0.17717385031810462,0.14902028542056284,0.08618073680354901,0.4988347583363469,0.2365850225525086,0.23777276073602982,0.2834203940147775,0.2859557942285863,0.29017790342834415,0.28640859940270347,0.23355194151727335,0.19715841666827955,0.2110097436968222,0.19946451384921474,0.18636286660405024,0.24056843166987613
0,Non-Crop,0.14945423300575778,0.1705373688715336,0.12249131428523431,0.04804605458629928,0.11602287760220051,0.12021135501716855,0.4384510779191809,0.12735077138537668,0.17095954900758795,0.16886974439131594,0.17600441777605336,0.18168447686160033,0.1862437940294387,0.16688853426566405,0.14499966175121154,0.12346127639645087,0.1,0.1251631996569913,0.13024281744667301
0,Non-Crop,0.1236385483234703,0.18547259788841314,0.08658717031489757,0.09888542757351557,0.17936649810358013,0.12379239374788499,0.4850903184557066,0.10222346079670025,0.16693168236080685,0.1769177154374442,0.1337874854162646,0.17465184188950125,0.1381026868453357,0.1526360548547162,0.1,0.1,0.1,0.1,0.10362069717923013
0,Non-Crop,0.13115951233026674,0.24068439969063563,0.09038871173236047,0.15029568795827514,0.17742221911560133,0.11059089432132962,0.3989030913916637,0.12675936334814922,0.16991882556094098,0.18352371089749772,0.15437788905368183,0.15662952263864666,0.20180089240547966,0.14979877158348878,0.11328285083129867,0.1,0.1,0.1,0.10041292685658051
0,Non-Crop,0.21128002901298887,0.2571004062785267,0.0794689985439375,0.1776314077345892,0.15508163254507054,0.11274151112702953,0.396226362165493,0.21876436370903843,0.24260769731207632,0.2605432970488608,0.26946237079331137,0.20908265673255447,0.2364131498799653,0.21757817278008845,0.21937077561357612,0.17439336214003837,0.1294732953976952,0.17193559840326697,0.15992651976961436
0,Non-Crop,0.13909881976711816,0.29347631193521173,0.12768809957583077,0.16578821235938096,0.17870695027239317,0.11237219692791833,0.4678345621020594,0.15003485553388993,0.19176407135655604,0.17848206645104733,0.20107587578809974,0.16350092091041074,0.1706079652810514,0.19134049457557592,0.1378561659783994,0.1,0.1,0.1,0.10845581588416568
0,Non-Crop,0.1324479953528458,0.22587497694849035,0.14660120961276052,0.07927376733572983,0.19470313969234276,0.11837348778214267,0.45956286451061196,0.14358695299965585,0.1401588152396795,0.15904874769447802,0.18679473377196662,0.16402289848916884,0.17106946181159038,0.1,0.10515794284023294,0.1305429398959792,0.1,0.1,0.13687550978775334
0,Non-Crop,0.15967233926833882,0.27928649224565694,0.0830851804872645,0.19620131175839245,0.1259365821167495,0.12433154936552712,0.3719526923393453,0.1506915354136892,0.2017500781200547,0.19926467495000785,0.21064860136483576,0.17370929871996343,0.16665454355971157,0.19259029009615403,0.13901872745451097,0.12784540348066176,0.1469229765725351,0.10917360196217218,0.12071040341273828
0,Non-Crop,0.22712980051930265,0.2792950134235662,0.11162018585572964,0.16767482756783658,0.1928175939066235,0.10000623265902081,0.4778072088266403,0.19236184894886693,0.24393215366337934,0.2652047512973292,0.29186261595817736,0.2311892009703188,0.2578769980634792,0.24445930523816214,0.19636088142919125,0.19078223595024318,0.1657125644530509,0.1645921281217379,0.18368438723815672
0,Non-Crop,0.1326125251382885,0.18355128180824082,0.0775076785137923,0.10604360329444852,0.15867667638280275,0.11596659316907483,0.303520504740269,0.12443254155375655,0.12599524766784487,0.19006096347091578,0.1757628261843006,0.18901238355885508,0.18752688513054003,0.16499706629381972,0.1,0.1009616002929612,0.1061638996544397,0.1,0.11324211429553993
0,Non-Crop,0.14682748252322664,0.2618673237001908,0.07067963663576064,0.19118768706443012,0.1779488346471534,0.1304546692142533,0.4644289759140746,0.11915813627410692,0.1683618472272161,0.1942061722352295,0.18797642803354622,0.19858655271232592,0.19286904526844584,0.1532716216416049,0.13378031067291082,0.13665583932894973,0.10741490830447631,0.10289775458355918,0.1
0,Non-Crop,0.23351476362815052,0.28111644415772263,0.14779997935612899,0.13331646480159365,0.15120784539376791,0.13307608668132265,0.38545634162546555,0.20253517039476635,0.24772861706203728,0.2845114276277907,0.3068081285302615,0.2787039667297,0.24779162141202,0.23635330896735526,0.20863637035310614,0.18925513547477027,0.17593468229092002,0.1768736886311471,0.16391896589858626
0,Non-Crop,0.20159823819422115,0.24270562208426616,0.12055631903608371,0.12214930304818244,0.1828822257105382,0.1377669267851761,0.4285279341330053,0.20338545296614594,0.24526091204357528,0.25595390354040964,0.24427617830881612,0.26498012713756136,0.23335144551897036,0.2065315984449682,0.1745350936017604,0.16707849038631617,0.17265098461922598,0.171430824572925,0.1733890978648807
0,Non-Crop,0.19451407741831173,0.2973389111806054,0.11856766363336942,0.178771247547236,0.19754819924477612,0.055738847460709076,0.32779207414844247,0.1511096974122696,0.20018367933630454,0.22576908208680918,0.2534015135470506,0.20694527898977588,0.2140143372833466,0.18858371771897678,0.1793100123906004,0.165736414827125,0.13272132247989687,0.13508915543149913,0.14563114443860625
0,Non-Crop,0.11399517675358804,0.21562107341562614,0.052306338699722704,0.16331473471590344,0.1346807399317904,0.11989814026107544,0.31802065594344564,0.1039622431776589,0.13308215288028483,0.12677459236163152,0.1865290493799135,0.16966137995829345,0.15977689139552992,0.14685968364891863,0.1,0.1,0.1,0.12885742122247584,0.1
0,Non-Crop,0.20008894689735235,0.24676267552947445,0.10778215062716139,0.13898052490231305,0.11137617217108767,0.09769678910959445,0.3712453774978751,0.21656279167420772,0.22371027691446038,0.2355275402957484,0.24969791727010215,0.27121076929955684,0.2251185209679787,0.20859783156121184,0.21293767745169817,0.15768238430486697,0.11848197748610219,0.17951089353536892,0.18512382681385486
0,Non-Crop,0.15317343261737948,0.2719429475470809,0.0994932324339236,0.17244971511315732,0.19946901299645253,0.09571205742680441,0.31360005672951546,0.1475741099612489,0.17939968830912462,0.18027931824395366,0.17751581794268897,0.19781268849081612,0.2173994041861529,0.16187349154562877,0.12900239565426758,0.13041502395275303,0.10113053448221707,0.14258787738340475,0.11781816615295831
0,Non-Crop,0.21414603467974797,0.25814329657255086,0.14040817085413082,0.11773512571842004,0.10338216417191992,0.0947500697617451,0.435831080547926,0.21041307592491618,0.2212123315368168,0.25429501935047893,0.27730312108483973,0.2718156261411253,0.2768846870504009,0.23100597791966704,0.19661811040465116,0.15447092132986484,0.18259593609296837,0.1630698931351572,0.19664985383591568
0,Non-Crop,0.15832547755711,0.2776396241149861,0.11366291184450486,0.16397671227048125,0.11410466335837272,0.11496631634695276,0.33826895254037453,0.13444230443528365,0.17591659387786307,0.17176443286701,0.2646835670753673,0.17071115770606782,0.1884453595702359,0.18824756344670363,0.1615140343443695,0.13751219523517633,0.10310440390942563,0.1374010427506931,0.14131628309463407
0,Non-Crop,0.10009174527333806,0.2798063418153164,0.13224243845798084,0.14756390335733555,0.11231918880428303,0.08741051349563064,0.43226786167771647,0.1183524649662633,0.13177122574218916,0.13790348647505968,0.12808378661946668,0.1410702473168113,0.11364830323683447,0.1308848214864289,0.1,0.1,0.1,0.1,0.1
0,Non-Crop,0.10974853905081527,0.16192376225290311,0.12600472059609774,0.03591904165680537,0.1444802991036633,0.12261811220000153,0.4364574243527395,0.126148011897751,0.1526446894133317,0.13806044575960374,0.1556512452739483,0.13541510413162838,0.13546238564527244,0.13048663927250345,0.1,0.1,0.1,0.1,0.1
0,Non-Crop,0.10031209587644287,0.28972977021143687,0.10548943761752093,0.18424033259391592,0.19269406627820396,0.0833831523702072,0.36555721383235135,0.1321745170066435,0.10892054493678925,0.15768812459571183,0.15255436291329333,0.12569614999732243,0.1195805522924163,0.14136475655471192,0.1525658866801593,0.1,0.1,0.1,0.1
0,Non-Crop,0.12228177272649715,0.1506560518651469,0.14702350624280205,0.003632545622344857,0.19434992297039272,0.09836503791761352,0.49901035065500116,0.11225701357649559,0.15029079354253694,0.18515585636414572,0.18003905226538283,0.16532047063998961,0.17076682006490876,0.11014076708516463,0.10024422055090912,0.1,0.1,0.1,0.1
0,Non-Crop,0.19667170389698252,0.29057843233137814,0.060786433844424254,0.2297919984869539,0.1099260149309195,0.13528061110909018,0.40127934093049183,0.1821022235792875,0.2342820584533891,0.22260298630613584,0.25209551838030364,0.24520754632347003,0.23074570385650278,0.195993613474467,0.18551898023396027,0.16678169803340565,0.1191821477393029,0.1656954115418268,0.13667636011373085
0,Non-Crop,0.1162224397019894,0.24840218693872596,0.142395490982493,0.10600669595623297,0.11611099051858331,0.10970620209428875,0.3683730743873388,0.1,0.1333816350773242,0.1538098523835113,0.16470808627517172,0.1624033630439903,0.14890899803453872,0.1,0.1,0.1,0.1,0.1,0.1
0,Non-Crop,0.12700748499501782,0.23349088472704402,0.1342765436150301,0.09921434111201391,0.11528281777258924,0.05327343406042187,0.3493623490308072,0.14098700136191317,0.15410086897487207,0.17568905645552835,0.1761340213617433,0.15218839493270098,0.14102083832631832,0.10760755035322735,0.13944216995710218,0.1,0.1,0.1,0.10707925125652201
0,Non-Crop,0.23682038528847751,0.2824807802810193,0.14707981492726718,0.13540096535375212,0.17165271762214046,0.11827211777353029,0.41180061401496615,0.2325608121574733,0.25566454936162475,0.29110273451520935,0.28010720549942936,0.318650830704618,0.27058783748284926,0.23747299552705636,0.20847551334608286,0.1803212911196207,0.17538877967007288,0.18186070368214868,0.19179058753998632
0,Non-Crop,0.16830516002553453,0.23306337545068478,0.06223648287660243,0.17082689257408235,0.18021164471629003,0.1284094700579848,0.30431798222853507,0.15533833634265462,0.1887738018429578,0.22382206091097634,0.23473019365036144,0.20941875764170118,0.20486452786492454,0.14875531330223316,0.14708060918013138,0.13835251216798705,0.1,0.12197725080292002,0.12966403793437264
0,Non-Crop,0.224343852581601,0.19076707517867958,0.14033211052692546,0.05043496465175412,0.19986942530304436,0.14192984383776744,0.45557849516663085,0.23046305307035772,0.27423508292460697,0.2779419762139083,0.25404897336607735,0.23534780333706046,0.26049269378014894,0.22083083302658654,0.18719841627810804,0.16115217372554302,0.17868685665008927,0.20655179283471137,0.18089338938896057
0,Non-Crop,0.24782130985066483,0.21329540709131123,0.14503842943791173,0.0682569776533995,0.10354189732808639,0.12459169379985563,0.4285492069267226,0.24879228074428555,0.23856078201404146,0.3160077864533835,0.268256473640279,0.2848410467575209,0.26793778512536903,0.25510846870908654,0.20501245636496168,0.1837402075437941,0.19851438407575686,0.18391928503109012,0.23946616462101072
0,Non-Crop,0.14979750918149326,0.23454880494525226,0.12264709321804432,0.11190171172720795,0.14818908860574848,0.10255949898283734,0.32778918718854966,0.1938637054866484,0.18641181870551887,0.19438953483159718,0.20980498760987604,0.1872450738225833,0.2057137420927599,0.1488669091264824,0.1,0.10413132233728764,0.1,0.1,0.10933881172136105
0,Non-Crop,0.23230757754489487,0.15483605549948315,0.1251705960179315,0.029665459481551637,0.16554657014764296,0.12677408098527088,0.39890049095918445,0.22142595132454324,0.2283392025882172,0.29046849738404845,0.280264900749847,0.26614766494565606,0.26376460886238706,0.20767590941455472,0.17980706672213814,0.19631872385194402,0.19211832145843136,0.21223853327112494,0.21476333568865005
0,Non-Crop,0.19525766053037338,0.1855791526700903,0.13740459143411643,0.048174561235973884,0.17321198004106303,0.12418704850969559,0.49931134784694986,0.20510985026663445,0.22828418921754484,0.2913485391617601,0.24360869646153774,0.2594492794882441,0.21576147153029113,0.2181264926111202,0.1965048969505415,0.16470605730768392,0.17976609349464853,0.1296259260700081,0.15023622541848936
0,Non-Crop,0.1893183224061768,0.2737400756461192,0.10453449840015448,0.1692055772459647,0.12199770806540196,0.08375488131003253,0.3763077684947093,0.18916496636521543,0.21653956954136871,0.22941942955988848,0.24795580317920868,0.2189712093248355,0.22095555184418672,0.18666729659345874,0.16674537120631472,0.1568464492378385,0.16163458093580904,0.14721802892529984,0.1665214887699136
0,Non-Crop,0.17648164821406098,0.24580658726443116,0.10763088198890566,0.1381757052755255,0.14842604294466127,0.13459593654230126,0.428905027134072,0.1883237078781108,0.2129131457302261,0.2292682784815053,0.2043147062487424,0.2292971005065733,0.17990802934225403,0.18005039188880367,0.14443013769831423,0.14579092716563904,0.13428766727757083,0.13815835229620776,0.14695056339052315
0,Non-Crop,0.11322319663784487,0.1587229541984775,0.1352132719619386,0.023509682236538904,0.17304362943536913,0.11986153060111208,0.36793526770913376,0.12223605537232415,0.1348317457692745,0.15341650099622123,0.16232142019492568,0.14210953539874152,0.16693000409993783,0.1395413772817074,0.11629060989836698,0.10564690555885266,0.1,0.1,0.1
0,Non-Crop,0.18837097238165854,0.1519090922534881,0.14016441777703093,0.011744674476457162,0.15456436183243136,0.13686272654795317,0.4765473677964489,0.1965446676271667,0.15361823043630637,0.20418771616019885,0.1944981034123404,0.23734314853604932,0.22310433257621157,0.20109147195686627,0.1516532456428852,0.1640137277186619,0.15381971642777428,0.11532177730439847,0.1237731920741615
0,Non-Crop,0.17499752974072527,0.2355856063695582,0.12129057903648376,0.11429502733307444,0.17775750270390503,0.07715165777330714,0.32935875188739255,0.17635168594104433,0.16156758469722793,0.23349063021761843,0.18695735620267645,0.22075574853572136,0.1914868638083748,0.19362971233940976,0.1133749006479939,0.10391341506085872,0.11418585749708461,0.13742819446637058,0.1441524738249405
0,Non-Crop,0.23146127328692231,0.16872772176499265,0.0993788770256408,0.06934884473935185,0.14570252804809394,0.05081188070369949,0.3886514682718669,0.2606033098114704,0.23295452771867475,0.26111163765841255,0.24301864209095608,0.30713187765366934,0.2564590776399442,0.22974909592918155,0.21287245825622703,0.2063458650901324,0.18953203547398997,0.23647274382490716,0.2052629747764782
0,Non-Crop,0.13309689170184355,0.18527553586869175,0.09307419748812953,0.09220133838056221,0.19281452208956423,0.1021784766714886,0.3384195290402705,0.11877352137237603,0.12818156396359934,0.15526344925531527,0.22388950694250692,0.2028094521009227,0.12272974707732746,0.13638557517244382,0.11324807238952993,0.1,0.1,0.10009202434816325,0.11667378877330944
0,Non-Crop,0.22787503658192182,0.1923101436816415,0.13850537530299656,0.05380476837864495,0.13992391696691792,0.09008933182666265,0.3810703227251043,0.220049682283771,0.23406781733093657,0.2596144036337189,0.2733592542631817,0.28774017855993095,0.24964543221580093,0.21845381077245346,0.20330560766226285,0.17465200622039304,0.1603184206574127,0.1476684865772255,0.1939875826278238
0,Non-Crop,0.24722815218644412,0.2722046769180023,0.08147838158128105,0.19072629533672125,0.14034874752805052,0.07423056836664213,0.4781515934017983,0.2440737032850461,0.2873181716063913,0.26935667673769714,0.3064378861990526,0.3323914434108047,0.2575094818733546,0.2230237745635085,0.20453217968185672,0.21715973320169976,0.2332774903163911,0.23338851911123937,0.2288492543603587
0,Non-Crop,0.22678776936357722,0.15145088082703786,0.07202469404313719,0.07942618678390068,0.16655340001700142,0.1395145736824568,0.4370677563842712,0.19089889766179918,0.22833345446415168,0.28662446503884087,0.2941834342272185,0.24128098003243348,0.27261180575415855,0.23574983774964295,0.22486878707123925,0.17625721812950199,0.1908149334099404,0.1957181311201328,0.1844840543759434
0,Non-Crop,0.1768472966884993,0.22225582197660135,0.1251230188908082,0.09713280308579314,0.12818937705993325,0.07190668218595994,0.48522656775464673,0.15843948813178665,0.20415776590662532,0.22791541543901636,0.20193948554065666,0.24145290463250785,0.20280614510064587,0.19495619138081882,0.1883985000160448,0.15379963125798454,0.12607425102430447,0.16778205646910038,0.14067725438740725
0,Non-Crop,0.21177274802901785,0.20069940469678843,0.08513590143317809,0.11556350326361034,0.111865584470939,0.06468571486402022,0.337151811241242,0.22622266341787658,0.22941086966449512,0.28172478788023414,0.24527799563661717,0.2606251687691561,0.22618063544796368,0.22724820408264057,0.19391459210500145,0.17083138236965187,0.18666574147583348,0.15073969687475886,0.18822603490285827
0,Non-Crop,0.11119285833530623,0.20221335483775246,0.07258621816221703,0.12962713667553544,0.17189098153252108,0.09900906912143614,0.4502140957696021,0.1,0.13580730765682,0.1680019157537644,0.1714756429202161,0.15978920465652505,0.15866909496570938,0.1345786655898182,0.11008334573425796,0.1,0.1,0.1,0.1
0,Non-Crop,0.24968467791313254,0.2146490013102254,0.12262425885073709,0.09202474245948832,0.16933970262725345,0.07044819502505796,0.3117014302898873,0.28644351851297806,0.28209882868724795,0.2867837586718767,0.316259215790907,0.31214595656079475,0.3123739087810588,0.25584812585479705,0.22883393707729965,0.19753366475256556,0.21155741376438172,0.1707732308153589,0.22992940909186424
0,Non-Crop,0.21975942235044865,0.26631217724496353,0.10248335138013767,0.16382882586482586,0.1284566710079852,0.13094440438786345,0.33722011238784827,0.20227821270245436,0.23210206520631593,0.28580227505854794,0.29205569904963163,0.24534217900711627,0.28561044505082,0.17517423933817267,0.20651183949081062,0.15623028033939984,0.1783104984195416,0.16658033755927773,0.16412962103525347
0,Non-Crop,0.13664354418057467,0.28387672316677937,0.10307591771858249,0.18080080544819688,0.1483469064323351,0.11894795937285974,0.49030962273534795,0.11468501691923375,0.1658289443502103,0.1754328177401396,0.14874782525646926,0.16070330672157043,0.1824656717392514,0.18257989758357687,0.12644769089695457,0.1208650849810456,0.1,0.1,0.12318610845444439
0,Non-Crop,0.1113377638608171,0.15050435674844048,0.0880668263803919,0.06243753036804858,0.16010970613725095,0.11292001574496609,0.39528914725876574,0.11033838804460645,0.13417131780017605,0.1769942274259254,0.18618562826881258,0.1307717075383943,0.1498207045331444,0.15350957513447014,0.1,0.1,0.1,0.1,0.1
0,Non-Crop,0.11440165181704771,0.2254544221195051,0.09562430258462945,0.12983011953487564,0.14102050052835324,0.13355886088929247,0.37612922933949144,0.1123390905700202,0.1279924143688949,0.13865549221837395,0.17741251771744004,0.18703366648694392,0.16559397345959473,0.13358064621521046,0.1,0.1,0.10447123051158635,0.1,0.1
1,Other Crops,0.3853682818737956,0.6587602644427681,0.24642669024261132,0.4123335742001568,0.2614327590167572,0.205316327967139,0.24930460808258953,0.3825788096534171,0.44995728755896364,0.5594700886873459,0.5416666024591011,0.5656651943895484,0.4510411860434415,0.363948734931912,0.3015902443910812,0.21251977455553794,0.20139091876075102,0.19302372312783914,0.3072720850883873
0,Non-Crop,0.17461170692371392,0.21555361141480092,0.08928922958311791,0.126264381831683,0.14996906028861204,0.10285151711597604,0.43838046281672416,0.1576312382820732,0.22789057240389443,0.1807729917512624,0.1999030355835503,0.1740874677916,0.2405562180596984,0.18831463475614735,0.1702605813362028,0.142791606836687,0.13721055626335077,0.12822704746847677,0.14475311749934316
0,Non-Crop,0.12372548356141391,0.15787165212441057,0.10791251852038591,0.04995913360402465,0.1983493205799775,0.09176052473023968,0.3424086724385919,0.1671208985364272,0.1539790774791719,0.18864802406184397,0.1539373703662796,0.14917930220800343,0.12958004227412276,0.10414610415664943,0.1,0.1,0.1,0.1,0.1
0,Non-Crop,0.10366469639615322,0.2982754604892309,0.12100227315001845,0.1772731873392125,0.15203922259929625,0.08895276083725533,0.4037036265219426,0.12478552852532432,0.1,0.15034891898077485,0.13804576457307904,0.19198378842672104,0.16238026214995374,0.1,0.1,0.1,0.1,0.1,0.1
0,Non-Crop,0.10906028031893905,0.24102895554044212,0.13083263989215643,0.11019631564828569,0.17490080542484782,0.07029694141641833,0.47245850591084226,0.11787042377101152,0.129924726166829,0.15062796569715375,0.14322678978268863,0.12525642853986024,0.15024882754061358,0.12824228438887433,0.11745389433284437,0.1,0.1,0.1,0.1
2,Cotton,0.579432438965523,0.7438761542543595,0.25410709207986165,0.48976906217449784,0.3474753209865436,0.2775495751636078,0.2430331433196455,0.602273530812568,0.6887368767649927,0.7395957423466889,0.8280331502399901,0.807100472679654,0.7435319760063982,0.6549305016887585,0.4841355590311119,0.3731060526653353,0.3117115535218199,0.34366294264037034,0.412634442749295
0,Non-Crop,0.14066676429031444,0.23156852848948078,0.1471396266989498,0.08442890179053097,0.13187038990282177,0.06604764763170419,0.4021772016449328,0.11874800869690638,0.157415192528288,0.21200866249024375,0.19784932930776003,0.19475700446369965,0.18599890693363869,0.1302291586665223,0.1,0.1,0.1,0.11245437495704752,0.12364474361007177
0,Non-Crop,0.13136069279505236,0.2991848352312865,0.1273481203378542,0.17183671489343227,0.17265707083277937,0.08610905789952927,0.4091554970811221,0.1552436557553149,0.18587813420915447,0.1637917563490178,0.18596838037871208,0.15900893053372078,0.12231672986560715,0.123642387887198,0.10301875062129916,0.1,0.1,0.1,0.1
0,Non-Crop,0.21478649842911374,0.25962776597782,0.06728605249887269,0.1923417134789473,0.1603800768012189,0.10297249468086675,0.4964937691573388,0.22427615235412426,0.2697802271486522,0.25329066778121956,0.2682917576942494,0.2429641397218828,0.26314363202386293,0.23589723226429563,0.20157854798739858,0.1558837560056045,0.15224392596891265,0.13021511193972213,0.1656074289090636
0,Non-Crop,0.23053624873705028,0.26771598047135764,0.10306372566656521,0.16465225480479243,0.11024421162326535,0.12097672839415535,0.3725657449453747,0.20776058999752603,0.24142958378262114,0.2481252978103335,0.253257023529902,0.3078254258959803,0.2713153494204994,0.24039811765405453,0.19986554808563084,0.21084836019258923,0.16517529406644638,0.19846282089049544,0.17780900692641796
0,Non-Crop,0.1370808555565974,0.25738043153748524,0.13121045388640898,0.12616997765107626,0.1358578872106912,0.0667702775989727,0.3183929134635027,0.1442055180139502,0.16217547761614992,0.17411654978034363,0.21231358079021784,0.147137048847157,0.17288592201817413,0.14280462883948067,0.1,0.1315735543709789,0.1,0.1,0.11237307711455201
0,Non-Crop,0.11920371442916153,0.2994733299265231,0.12728449442346684,0.17218883550305625,0.1877203344094005,0.09143004118309941,0.400425619157125,0.1,0.14518850142135034,0.17359777784450978,0.17487186000212707,0.14681928641613248,0.16787544728374926,0.15590859540724764,0.12042434505050732,0.10115557625557453,0.1,0.1,0.1
0,Non-Crop,0.23028634480561808,0.1530242073176841,0.07435062607385948,0.07867358124382462,0.10900079404459387,0.0942083017189349,0.47799202432306365,0.25395705370099014,0.25206054897972624,0.24876710535911922,0.25474596503738683,0.2723164959690008,0.2785247483939668,0.2240405062469757,0.22738291314898146,0.19446092496657202,0.19353403444271527,0.17654638761739014,0.19866952753457823
0,Non-Crop,0.23515577466010348,0.2815557943564957,0.05468139572342276,0.22687439863307293,0.1303698469128947,0.094332000647908,0.3344529628711576,0.21907971105816176,0.2708468869698893,0.30335493341506237,0.2604922104644014,0.31486680056872607,0.26250836117759874,0.22271134736432657,0.23277170887978615,0.1883865603296061,0.18464453525621877,0.17912399604270499,0.1835439997442859
0,Non-Crop,0.23493778246931438,0.26127193638997726,0.1472182968187041,0.11405363957127315,0.15990715103352407,0.0741713732091318,0.3655310059843286,0.21184544598222707,0.2349305379702506,0.28418482583073207,0.3250864987902142,0.2594571730087777,0.2580224734378872,0.24605165045763025,0.21181846065467277,0.20375666171372042,0.1745534589993166,0.17338487851257614,0.19601395892512238
0,Non-Crop,0.186944585535492,0.18536422692953594,0.13946811743326679,0.045896109496269155,0.10452583138705515,0.07018196081977629,0.4504093855611722,0.16646989662993564,0.23125934674910528,0.20920091969555255,0.2246860560506834,0.250155636125971,0.21756301741147033,0.1580577125859033,0.2043466070420813,0.13850424559449628,0.1300129338541088,0.14411405684886242,0.16416910519705388
0,Non-Crop,0.18598893553964246,0.2618420857764366,0.1273031898705717,0.13453889590586487,0.19198941808189646,0.09268427888956227,0.358682182003879,0.1641177618265327,0.24620733832004246,0.19755088627635967,0.2719366567955957,0.22934331033440475,0.1919585557273367,0.21278090464337662,0.18103965727515328,0.12282435748748687,0.13660756848311795,0.16555408963043217,0.1425138488052328
0,Non-Crop,0.20447961904063333,0.22608205225171346,0.07412231251093968,0.15195973974077379,0.17961505080230744,0.058421345407068705,0.40497805655103014,0.19111095842765793,0.3180325809913586,0.26692565848170435,0.2715763281509695,0.23748088407575613,0.26579490757145274,0.23352393147948544,0.22457288344330775,0.20330177724320592,0.12602132739542804,0.13433661552207823,0.14912684645284102
0,Non-Crop,0.11968374276659355,0.282352141775963,0.13285514084650413,0.1494970009294589,0.16520658196852778,0.09584138317921978,0.4865912084284157,0.11963049900694044,0.16936888510824522,0.17339569579575462,0.20466211217745056,0.13029468007209832,0.16774166364880905,0.11051436849996699,0.10068636202562936,0.10936374772847421,0.1,0.11404979270006171,0.10651994104373735
0,Non-Crop,0.2042962162140296,0.16059881890115793,0.07846856857994446,0.08213025032121347,0.16683633472854423,0.08103101315434894,0.30996937482289083,0.1940108367826168,0.2462640830668989,0.23196199827841502,0.24306295755538557,0.23556270489627237,0.2560609316480035,0.20150333436877862,0.19595796264721974,0.20597019347323467,0.15392334192376306,0.1785912160815358,0.20244628161737258
0,Non-Crop,0.13427877215601167,0.2240578806693158,0.13839925500724087,0.08565862566207494,0.1077893765595157,0.055588826825307525,0.3466604575116583,0.10718393897016615,0.17325996973673652,0.172736819541658,0.1569690259409821,0.15163683455519716,0.1769006377854826,0.1588142620796393,0.1,0.1,0.1,0.1,0.12379642203706451
0,Non-Crop,0.1681401614803934,0.27106992430675103,0.09562996417905559,0.17543996012769544,0.1846725408789861,0.14887719806951272,0.3144053331460673,0.14878703291462297,0.18604622285726943,0.19085271480979432,0.20670385556254764,0.2176235469529824,0.20829587049297163,0.14339233541830082,0.15025363994573043,0.11856772200380193,0.10629535941796231,0.12284764012989802,0.12185410774808957
0,Non-Crop,0.199789438648369,0.20578207568828868,0.1305944888714153,0.07518758681687338,0.15336245877266177,0.060546563000941946,0.459419861413469,0.1941601751473821,0.17476887482075049,0.26040504720539587,0.23552217626104746,0.2644507890445005,0.263192208046888,0.19529429856090214,0.16951792484500577,0.18210518530576553,0.14156200180745823,0.17818814371816583,0.15068848983491043
0,Non-Crop,0.21773024679908326,0.296440740065556,0.07398415580575801,0.22245658425979797,0.18623416119638764,0.11218240863057746,0.463458852317731,0.19907905903014916,0.2788775764409037,0.26499337250120764,0.26798091996899587,0.246084464742255,0.27124461935643585,0.23513175574930276,0.21277584902050709,0.16973949516317147,0.18553575235402978,0.18802030493734234,0.1690776657449412
0,Non-Crop,0.21687058851963997,0.24083680155461423,0.07426713503318046,0.1665696665214338,0.15257479140952607,0.07335118585932646,0.4616022840193547,0.2392857611984219,0.2332487936680187,0.2818230491678175,0.2583891534181575,0.24856081350918902,0.20844290334440757,0.21073475884490572,0.2028768301853279,0.18103935369143917,0.1802267983463519,0.19380732285927788,0.18216690304849342
0,Non-Crop,0.1783390606793524,0.2890893488690456,0.05647377660764807,0.2326155722613975,0.11132257922512176,0.10967882300144402,0.37081317235871675,0.13828009240204855,0.19397450458679572,0.2445611249028802,0.22108296143669942,0.20993000217134838,0.22584794598788144,0.16837276534565804,0.13635538490303234,0.14598921566382164,0.12580408882784574,0.10551938466241861,0.1558010952007302
0,Non-Crop,0.22939271526391458,0.28406362624155695,0.07561310909621152,0.20845051714534543,0.14205103580765324,0.1334595738628317,0.4542014877219771,0.2309864908928092,0.28055752692416375,0.26624255812834957,0.2916192626881443,0.2845742750934425,0.24333408397789966,0.2595460466085233,0.21441705769284716,0.2110447727269616,0.15449754076537855,0.18364156955626904,0.18490382957886053
0,Non-Crop,0.15531253217584304,0.18231160578932104,0.10376306766035451,0.07854853812896653,0.18331908044356465,0.08235473582966508,0.35049385950425593,0.1693824026300665,0.1991720147304058,0.19774318744588135,0.2546935575247678,0.2172604507862399,0.18036651798838285,0.1460544116168495,0.11827568469858121,0.12418083382005402,0.1,0.1408411935223546,0.14936175195568063
0,Non-Crop,0.19767525836906258,0.26481876708702956,0.08578885307256892,0.17902991401446064,0.18013471439617124,0.0848790588532021,0.4516276923018575,0.1987778224763437,0.21159872034487154,0.23050490394419829,0.2131229283553844,0.20370382635570786,0.2511345332177468,0.1687512419678278,0.18514494885490063,0.13385442087835492,0.13182766730551548,0.16341509631867498,0.16563892196278593
0,Non-Crop,0.16905713131389663,0.27397490434515115,0.09231054812763298,0.18166435621751817,0.1252307140758638,0.14834151152664277,0.3607775135941644,0.17663960397528136,0.18237438649300722,0.2115312755307784,0.23373344795820508,0.21047819594742834,0.18023958498977177,0.1701334517694532,0.17981477265860082,0.1649182934551639,0.1,0.14293147576456924,0.13878306935608417
0,Non-Crop,0.2232506896552024,0.2348900623038071,0.08005295497171469,0.1548371073320924,0.12951260440060772,0.08611375171057245,0.4245386485239951,0.22464674557193695,0.24632791027057682,0.2810094702856457,0.2759230034608653,0.2660747672668417,0.24556350229937918,0.21041056818600004,0.20238957301037935,0.2087125531511098,0.16865552087727803,0.20342967950553018,0.20259375827801993
0,Non-Crop,0.24165965425152122,0.256389314066925,0.09217988192845308,0.16420943213847192,0.1426464800227055,0.14186841779432974,0.4152809386870784,0.22823204537862218,0.29903280919339315,0.2984319229770024,0.2733675785475642,0.28774149893387546,0.32112184413118733,0.2238643745985205,0.23468589164534234,0.19736463843165797,0.20692107418663663,0.21905891344473194,0.19865789619877428
0,Non-Crop,0.1821871665514974,0.2889962951300168,0.10360249609770508,0.1853937990323117,0.151493867958731,0.05420185912663597,0.31388339171802754,0.16555332076509804,0.15768678722508297,0.2311087027918092,0.25371212373694496,0.1967053241634699,0.2287657515283956,0.18250102750372071,0.17138486562534713,0.12596664596472212,0.11369973412591648,0.1121483329699707,0.16026032872261256
0,Non-Crop,0.11366982598506997,0.17208036916468636,0.10088214484909949,0.07119822431558687,0.19218958025766428,0.1359567588811114,0.49375068848856063,0.14034259722226652,0.16047019448170555,0.18444468346550702,0.19276094968105495,0.162007314006118,0.12041757186177571,0.1,0.1,0.1,0.1,0.1,0.1
1,Other Crops,0.32370560576402524,0.6387787107817432,0.2891292926703397,0.3496494181114035,0.32240650693587125,0.16356372015206302,0.25763458070590234,0.31777646557643296,0.4119933350696398,0.48940197142645875,0.5043653010979375,0.5164439309045974,0.48220283912544176,0.31385981560277143,0.2670704288270745,0.2011369965107576,0.11518091731883151,0.1694867704980349,0.18078023244240318
0,Non-Crop,0.15082644273745313,0.2627407302484714,0.128499617339222,0.1342411129092494,0.12296446779901468,0.14728713248219055,0.3168980208489658,0.15386339373028454,0.1610764891367897,0.1858563830154562,0.19929080101310748,0.164994225579628,0.19606291207230486,0.14830859936166269,0.1,0.11250889860586766,0.1,0.13665667285034974,0.10384052604053418
0,Non-Crop,0.12778235772258417,0.18092083773155954,0.07510061787743733,0.10582021985412221,0.11789504402971773,0.11572131996684672,0.4988860358400541,0.1506353374595591,0.18433779702894243,0.1360863703012025,0.16142780304031923,0.1359777727457021,0.15713327442786534,0.12507101638846135,0.11742160651555603,0.10320660137199646,0.1,0.1,0.1
0,Non-Crop,0.16299007577071536,0.18089229670757956,0.09236764096178476,0.0885246557457948,0.16638898356775905,0.05709133107859911,0.3666836002892033,0.15190918808895376,0.1905261475790266,0.23307917053502322,0.22198419309852988,0.1923843278834576,0.24797827319197732,0.17161754059293124,0.1339064952585921,0.15339187849887073,0.10473215752858415,0.1483021351373073,0.11030020367286245
0,Non-Crop,0.11994284061489505,0.17095652859737376,0.05455254997997436,0.1164039786173994,0.15413288592698038,0.1293967726043636,0.42208224073873324,0.1557386546116426,0.1587685787736037,0.13781573050566856,0.14170601173495373,0.18818642837573812,0.12992061759813467,0.13931794279876952,0.1050824851490257,0.10847674296486334,0.1,0.1,0.125890733705587
0,Non-Crop,0.22361561857828327,0.18370974662575468,0.08361304804831456,0.10009669857744012,0.1223725732503284,0.0952172955590441,0.4770129101833335,0.1994517694111225,0.21779083420118994,0.26666350140655426,0.2963282986478462,0.2916514054701911,0.25575683584133785,0.2708498073631992,0.20398004987499302,0.18300414134493864,0.12339039450024843,0.166722145861902,0.20537890299793357
0,Non-Crop,0.20340112970143187,0.20894101917261004,0.12016749169847664,0.0887735274741334,0.10165227297865266,0.06461546822742135,0.46593714231127353,0.1772169226507483,0.2554400172865151,0.2638210434993606,0.2533060670151989,0.2231834103910791,0.2665033620062196,0.20316131847215516,0.17243175142211692,0.16457855048358366,0.1620273452616883,0.15208225777443676,0.10037942174507691
0,Non-Crop,0.19058924265779648,0.2540515554677883,0.0889413542549104,0.1651102012128779,0.10290876185889744,0.14309729142428443,0.4898255361832813,0.20191279047319993,0.2338981879231215,0.23911620451303153,0.2625758548937889,0.23012073926559112,0.20056997892728057,0.19634905798956723,0.17715377908803914,0.12871840999761433,0.11497829509160919,0.15159075485410808,0.14718508935186841
0,Non-Crop,0.14480513520165808,0.15152625038839013,0.11956277454030247,0.03196347584808766,0.16203030900433799,0.11449822620531418,0.37487655694292377,0.15829444369148005,0.15091484011976858,0.18028100673884925,0.20035964092611172,0.1571696686614971,0.17299385346194926,0.16237204920845316,0.11237855062108544,0.1,0.1,0.14102393004843797,0.1
0,Non-Crop,0.11165679635333359,0.21016039659851737,0.10939807532071447,0.10076232127780291,0.12871442707681316,0.13479505747274156,0.3302200318349197,0.1,0.12924615259852326,0.14399872066663366,0.15951968357597215,0.14373062116710145,0.11089678434478697,0.1732827916622591,0.1,0.1,0.1,0.1,0.1
0,Non-Crop,0.18184616898903477,0.19984045781198173,0.14473385120807764,0.055106606603904096,0.1845112413071161,0.1482587811551801,0.4384467749290841,0.15279566006278916,0.18967389689499486,0.24164026596965732,0.23760501871782966,0.20872974151244633,0.17764178798480362,0.19314703915095105,0.1710209392476486,0.17408327794578843,0.1,0.136264312681853,0.16490451812500265
0,Non-Crop,0.1653429719154924,0.22744739832736766,0.05967198335511296,0.1677754149722547,0.17437626742528903,0.0609353933354973,0.3809835426737611,0.16237918610741958,0.21715408036932918,0.19848855117957692,0.2345291924215588,0.19468121887918427,0.210441702973811,0.1724320894309248,0.15484430710679703,0.12764591227204575,0.12929897068106172,0.1,0.10166944936782144
0,Non-Crop,0.18005522457648276,0.21788319929228517,0.05367468766235542,0.16420851162992975,0.12604352334235025,0.07131228001055584,0.4734871204642133,0.20843330596598644,0.21466707822904,0.22462058897571893,0.2378328605698236,0.21787886617067248,0.18518514306432035,0.20632905847978533,0.16109667379508083,0.10703265590880595,0.14132625634849635,0.1329261452696022,0.17877460105701046
0,Non-Crop,0.18652296813868785,0.28670918052109257,0.134262261747582,0.15244691877351058,0.15868099726353313,0.08770831738849881,0.3173957502128422,0.21921507837391188,0.20655802260694545,0.20324977805975125,0.22301059554388467,0.21322424245554708,0.22358982705791108,0.17566002846990564,0.17440449181143175,0.13396153900247842,0.1,0.14470915014516936,0.15421522549110603
0,Non-Crop,0.10863877431247729,0.17536077038351475,0.12545971985577922,0.049901050527735524,0.16888931080324474,0.06332185940401233,0.4004129164003135,0.1,0.14615371410501596,0.16138872495791015,0.18452679097799207,0.17688953014322834,0.11950296101891096,0.1445676042190625,0.1,0.1,0.1081915710884586,0.1,0.1
0,Non-Crop,0.23617998005991375,0.2471392676419523,0.09778829946319899,0.14935096817875332,0.18147017590666548,0.09508861914651037,0.4117306023860019,0.24456681750914624,0.24418084914644336,0.2401090893065325,0.2820192418641333,0.2525013974327787,0.2628750293044552,0.24393136542479626,0.24101164686215173,0.16818815259923858,0.20547237748957436,0.1901953753323527,0.22147994685358605
1,Other Crops,0.4402739723465229,0.6313050624212714,0.24055962104358064,0.39074544137769074,0.3001740001017327,0.1844013708271189,0.3140684659039799,0.4254732332747675,0.5388590885566832,0.597409751367265,0.6604995835302053,0.6274128003818278,0.5147690774997016,0.44645175195928577,0.34482617101545665,0.27501122324998206,0.24812725179592598,0.2576777469332871,0.22812772926943575
0,Non-Crop,0.23232996679262047,0.25329028144741667,0.07781112474243565,0.17547915670498102,0.1446841254465297,0.09289659756867638,0.49186703365678375,0.23297227590126687,0.27805338342680974,0.28964479351026723,0.32062946446461543,0.2808719227113745,0.24842932524199596,0.23561763025743931,0.2231040728589116,0.2148069724070836,0.15411278188059124,0.1845545053630469,0.22924378365486825
0,Non-Crop,0.1060360632415929,0.2883292257951556,0.0696307799895408,0.21869844580561476,0.1884238745084656,0.09008631794863806,0.4665514111742075,0.1,0.1404328876161273,0.14506689474611623,0.16090919245228244,0.1657234497850499,0.12437718960407974,0.10871361817634602,0.1,0.1,0.1,0.1,0.1
0,Non-Crop,0.2290892837073927,0.2903348340303329,0.12846399144689324,0.16187084258343964,0.1652828398222002,0.09336200853127657,0.3224220308376839,0.27759753554347055,0.25147811618991267,0.2934914479234317,0.29823879058105757,0.24499188076092301,0.26522247645270924,0.2390802335544906,0.2181492980797204,0.1761669093461751,0.15787438758589467,0.17162286997381876,0.19185636748718907
0,Non-Crop,0.14258774363775836,0.24436833290084992,0.10841946353345619,0.13594886936739373,0.16338277869439427,0.12172829719321067,0.30380645071854767,0.13695697143461075,0.15073402997261715,0.20687021176193918,0.202390512907535,0.20238076280502332,0.18392844212525822,0.17393469288085092,0.14216731142727884,0.1,0.1,0.10176055420148797,0.15310565504870546
0,Non-Crop,0.20434342042873713,0.29170951924890454,0.08165507994776239,0.21005443930114215,0.13337747922695659,0.13547245941184355,0.3299709841170589,0.20457006799609181,0.24183672963194552,0.24210743534584517,0.26547775339703694,0.24691655642349228,0.27073420687466426,0.21301369536625941,0.23361871127476969,0.173543527485158,0.15119337113371797,0.13840824717038672,0.14020863266906367
0,Non-Crop,0.23499497796942861,0.19291680348417944,0.07589176179313824,0.1170250416910412,0.1920262597994954,0.1305526862405033,0.3282157843038749,0.238949285462587,0.2615447211506383,0.3164553339462153,0.2959084540972928,0.31894051930672257,0.26352846617504605,0.24108271318818064,0.20734741588384875,0.203193000634703,0.17960520765985377,0.17768561073932015,0.16171194500256167
0,Non-Crop,0.21587529485270598,0.2221716539693963,0.12889583350103462,0.09327582046836169,0.10735082768026753,0.0691593967902995,0.41030684992927213,0.1919319629989014,0.27330636583981516,0.245526148117176,0.24689077673391344,0.2908876174066073,0.2660208421696436,0.24841248812103528,0.17933529586290864,0.14753305726702234,0.16966211875670525,0.17463160378102235,0.18789031464828304
0,Non-Crop,0.1882911378540783,0.18867385439039094,0.11898516287463014,0.0696886915157608,0.13090268126204316,0.13440787343822347,0.34347702085545484,0.18903500342649168,0.18452849929893722,0.24317108620436312,0.2237485621876185,0.24979301884037675,0.19817474869575744,0.20018845068415791,0.1715332666842778,0.13839933682506775,0.16700963324837712,0.1410157659974174,0.14458102623168764
0,Non-Crop,0.18368144738032757,0.21996706346383366,0.10757685815522844,0.11239020530860522,0.15509622214187244,0.1460107039168562,0.4104372217869472,0.1744919387412747,0.22531122042227275,0.20144413237970127,0.1826943329210347,0.21333210633184035,0.1844955850731791,0.22029598250651167,0.2024558350974529,0.11778274116666894,0.1606392536474975,0.15476293331718607,0.11700889740743045
0,Non-Crop,0.137954731529821,0.15631916054294928,0.05726108525960802,0.09905807528334126,0.1243383279260609,0.051952928029691904,0.3490821184174923,0.12786209174614918,0.16548979390046745,0.19677094236858728,0.18526551604298064,0.1701661218324149,0.18772048715804904,0.1405837685650408,0.131454957413038,0.1,0.11077906200602734,0.11467337744637912,0.12664372403666024
0,Non-Crop,0.13000729497304486,0.22043710550277384,0.1411573140137698,0.07927979148900405,0.10099937748585708,0.12825056359493592,0.31150535674293084,0.1746372216770942,0.14692899299152204,0.16452345513421268,0.18307875134140952,0.21007450169850572,0.12633599564786277,0.14258301236444904,0.15421357682443643,0.1,0.1,0.1,0.1
0,Non-Crop,0.12259817329909507,0.2134359947780879,0.1302343998981953,0.08320159487989259,0.1281785496604559,0.11256732123887586,0.3822313275910613,0.12429959608306773,0.11484274872666742,0.17473647061703435,0.18147735529375278,0.15931068415464836,0.17130784817553968,0.11725712113494464,0.11769875457809297,0.1,0.1,0.10151186112074415,0.10699207286872675
0,Non-Crop,0.24582749128578893,0.24228980519564594,0.06643406012282678,0.17585574507281915,0.10205225117125154,0.12832641987897758,0.3159409478890918,0.2503737671956353,0.2479909242398503,0.32016821910777343,0.3135730847337738,0.31847136165241535,0.2651844807087783,0.2612139625830857,0.23223569914600176,0.23054741904442266,0.22015594803912647,0.20174229361179433,0.1801914523704043
0,Non-Crop,0.20501943436839293,0.29952321748442734,0.05336438225437621,0.24615883523005114,0.10652326612674869,0.05779500694309188,0.4485958268977913,0.21158720519945298,0.20948635542624308,0.23754208776208718,0.21565876739508733,0.259175496647945,0.22819302387381243,0.22443646402814976,0.1898756726147269,0.1469631981927605,0.160152708585474,0.14280381964945066,0.20285107970793573
0,Non-Crop,0.12310911905958015,0.2759855931834848,0.05638413789891007,0.21960145528457475,0.12898354623796404,0.08063828938257044,0.33218105679270005,0.11697248417180825,0.1471832588006273,0.1730502351893692,0.16937286257206807,0.14798088528701586,0.12507108546640233,0.18211386361007798,0.1,0.1,0.1,0.1,0.1
0,Non-Crop,0.11302068605719529,0.1532461034961877,0.1094012700908084,0.0438448334053793,0.18631339625231613,0.10844414641406358,0.3426469730891062,0.11836934675620357,0.12601897174459542,0.13905711340672108,0.17375620260236221,0.15696882299357498,0.13514187947396525,0.1535248071025918,0.10891236334174403,0.1,0.1,0.1,0.1
1,Other Crops,0.4811169169194808,0.7307503363904269,0.23021701533583408,0.5005333210545928,0.3626182264681001,0.23511034459651456,0.30174893069468944,0.44898633004353616,0.572733453866967,0.6584401651803324,0.656731969074003,0.6366018063118108,0.5967600076843889,0.533390110038565,0.43027229141732004,0.3039140359823048,0.305175929939932,0.2642538687018578,0.2917037578655994
0,Non-Crop,0.15855915596041065,0.15169041692840973,0.08523464118280094,0.06645577574560879,0.14989240983592872,0.14490047866727734,0.488206860757909,0.14927814343514423,0.17312347873243017,0.20964486190911988,0.19793397875364846,0.17159199884360493,0.1933596366154786,0.1606065697191976,0.1264489908893124,0.12246955819191462,0.1,0.12302213827650045,0.1196260886472378
0,Non-Crop,0.1591406552176421,0.2548429896779605,0.05878570135813456,0.19605728831982594,0.17125410555436152,0.14728577294847414,0.4074976305668383,0.13173552343348438,0.18297960726478246,0.22502877743763383,0.24424544241768487,0.20200524709382353,0.1898978865671781,0.21042331619266613,0.16429997946514505,0.10895483906714129,0.1,0.13032543072023053,0.10364289633820789
0,Non-Crop,0.22686439691767069,0.19434878577646472,0.14120680598883184,0.05314197978763288,0.17437061619833583,0.0895011670013697,0.3190524131250912,0.20493164674489428,0.22638372688810904,0.27930345071879265,0.2662533680272477,0.25402760840190775,0.23259782730653356,0.20364564567716534,0.17019708650960497,0.19124316811718095,0.1254393947737698,0.1883445665941721,0.2008728735756504
0,Non-Crop,0.11516872586747313,0.2699518204912221,0.06202517734865768,0.20792664314256445,0.1124723770052258,0.14478627716349607,0.46387956894110827,0.13605925446383596,0.14205992108393609,0.18522422469313626,0.1774600741034732,0.14827767173913667,0.13514965259527226,0.1076754301413809,0.12198052492200646,0.1,0.1,0.1,0.1
0,Non-Crop,0.1796284476099601,0.29533097080239074,0.14031397404741808,0.15501699675497266,0.151200085661416,0.14056796353769807,0.3808609316125313,0.16484891391808465,0.18869537886561816,0.2219817591681092,0.2719295155348488,0.25080136575443673,0.23151252580036133,0.15924562100198236,0.16499136210315168,0.15821045792383148,0.1724584977410565,0.1,0.1589706186577114
0,Non-Crop,0.22442389547275346,0.29971068803883555,0.13384443861722142,0.16586624942161413,0.15574987596799475,0.06934295916799565,0.43628917522396415,0.21142202036658037,0.2393564496428438,0.25442868802337615,0.3048742215171623,0.23146850403757244,0.26746588547112804,0.2056338283771778,0.1876597043392511,0.1463891033699827,0.1645663009663213,0.20669231477038083,0.19444336404352944
0,Non-Crop,0.14416853391311757,0.2293111517309669,0.13401261599122508,0.09529853573974181,0.10682062347427256,0.05782972669869048,0.4112340136099507,0.12012846712900373,0.17972847270263898,0.20157930050144682,0.21975713217290274,0.18393759616874633,0.17753096918179545,0.18453171056472129,0.16853514275100684,0.12793582281128446,0.1,0.1,0.10532760920038399
0,Non-Crop,0.21152479286746495,0.15646011394591458,0.13315546881815776,0.023304645127756818,0.18380922267069516,0.1332866012403503,0.33051370534653396,0.2209441342631682,0.2501953661127148,0.28826716889554505,0.2660834252276318,0.2582706411091031,0.2233138207656609,0.22729971974844507,0.20733329354579533,0.169838604416436,0.17354053706789085,0.15772825526332118,0.18966762963072384
0,Non-Crop,0.21046253676646737,0.15275248146811402,0.08610596982781951,0.0666465116402945,0.10194326724084979,0.14970920176102487,0.3244393523658476,0.23932820741543973,0.2386869153310753,0.25110327774904373,0.23170127397587878,0.23373342870081076,0.24740293346015801,0.2031823752079565,0.21282443031512727,0.17837112703499264,0.13308574417193486,0.17773805514548507,0.17193729876758324
0,Non-Crop,0.17250259950833247,0.20388956620883963,0.08255179816312652,0.12133776804571311,0.12675636230815074,0.10445478537124772,0.4609957209469087,0.15319467632469846,0.1846835337886124,0.1992665243398856,0.22150643539695758,0.22142530454537038,0.2403377021781015,0.1412325845913717,0.15426719182869242,0.1283511208922456,0.14255706417941327,0.13165274813874342,0.1490328273921118
0,Non-Crop,0.22473044297640304,0.25232652505492575,0.05323019129153485,0.19909633376339092,0.113370268210967,0.11356280558356951,0.43252010057605694,0.241861845251684,0.26788706908006693,0.290497992382178,0.288801712077151,0.2384873015789063,0.2646069464188687,0.2593259858903729,0.1911348981335822,0.17904921500597698,0.17465187825681883,0.18058631047225693,0.17835140120550008
0,Non-Crop,0.18277954537517482,0.22601367270356537,0.08183252130562672,0.14418115139793863,0.12566906738660633,0.05209849817562848,0.3545909735280942,0.1551681250262349,0.20209883753667524,0.22976346348211685,0.223347844338556,0.2174498807534235,0.21555124991293528,0.17979338928157423,0.17144390053435057,0.1672241075446305,0.1474436488879361,0.15245359858532193,0.16922089732678963
0,Non-Crop,0.23871530296538526,0.17693158061912503,0.14048966114731265,0.036441919471812384,0.13126625433459105,0.06301635938776687,0.46533660545423416,0.24949950564507764,0.25602389329243697,0.30239470736820895,0.31348467564419646,0.2732386971762374,0.2652943507836046,0.23828841054822045,0.2286812467157834,0.2270763025074523,0.15648741756316503,0.16240303106875123,0.20176777316315175
0,Non-Crop,0.1184869408375436,0.27945118222488013,0.05315595490613337,0.22629522731874677,0.19770142595998944,0.0698528690385414,0.3220644593758156,0.10285741952151851,0.14532247943187634,0.18207238824190503,0.17464747647732046,0.141728506200828,0.14152362994406725,0.11451239323850437,0.10200656881775863,0.10725584950339352,0.1,0.1,0.1187628209354126
0,Non-Crop,0.11805471426703446,0.28649115800885533,0.13464412084833488,0.15184703716052045,0.17082768256572362,0.13178877421287494,0.4087631013685332,0.13108239747715295,0.179683306190052,0.17848247399863434,0.12939527166561832,0.15555214286676378,0.11562141847709453,0.11233430197358153,0.1,0.1,0.1,0.1,0.1
0,Non-Crop,0.16366287387514625,0.16722841040027647,0.06386210633674896,0.10336630406352751,0.16174363798900693,0.11074818174490111,0.34267438147097246,0.186124481861959,0.18605285041560896,0.19659016498440698,0.2166511309591167,0.21023734359173796,0.1984445318945691,0.12015397227186533,0.12474162666734598,0.10891814700101275,0.11780372056212265,0.11943421781443465,0.14110946737030738
0,Non-Crop,0.1843871580646994,0.16998847587495175,0.051755271755831216,0.11823320411912053,0.1630516985213998,0.11484833418701278,0.4167393165606831,0.1923087086240711,0.18411684909271822,0.22933841983812908,0.22257888619888028,0.2696974988408156,0.22817399562595597,0.19949354733257743,0.17984011495022473,0.14577976716118396,0.16055175401260613,0.1250231643271574,0.1683108938996147
0,Non-Crop,0.2050280081517898,0.287299010539814,0.058776147447888595,0.2285228630919254,0.18614781446346063,0.12930127248793652,0.3631078541459709,0.19659247086403717,0.22630640324550402,0.24676827472622576,0.24788370263923076,0.2552101808080653,0.25798191827564765,0.18923437059241469,0.19725924953678897,0.1706310567785222,0.15922677885942907,0.17451868581611465,0.17073694037761336
0,Non-Crop,0.20969862650116572,0.26011138735404427,0.06053934739508633,0.19957203995895795,0.1270836037695666,0.056684721981767605,0.3017362418452617,0.18115112715966444,0.24424080530715514,0.22140169983697255,0.25926316843510094,0.24675823674862823,0.244071530953213,0.24006569591401908,0.21923247727429648,0.18590621622286146,0.14553705251939628,0.16130573641364604,0.15694632836769612
0,Non-Crop,0.24531062333421197,0.2627345447665364,0.0658852076159656,0.1968493371505708,0.1341674039951283,0.06605623778081762,0.45332349282586293,0.2485896529521082,0.2774911047024637,0.27564791826254514,0.271107659976955,0.3392972069525571,0.2646787930205013,0.2648349669092285,0.26656073294113347,0.22326865350589342,0.1904252612744061,0.19602208185035283,0.1933814626609154
0,Non-Crop,0.10913089979371014,0.2558002825216952,0.1319711622753325,0.12382912024636267,0.16608312985270524,0.051293689227535605,0.3360274054264412,0.1,0.11897893258747891,0.15323739069307443,0.1652100196290091,0.16274489705851092,0.1352041023774902,0.1,0.11129697981930634,0.1,0.1,0.1,0.1
0,Non-Crop,0.15197496565252716,0.2791262404646213,0.0553886848427164,0.22373755562190492,0.19820903175242882,0.14120343670333024,0.372640588955331,0.16662192724553765,0.1918975550364564,0.18814448983086807,0.21414065973574725,0.21962182630334562,0.1798031326240943,0.14876119878003946,0.16129075633438147,0.1010459262161046,0.11568798971156186,0.102860305708973,0.1
0,Non-Crop,0.17808551603048214,0.23171633935080355,0.0831527691031497,0.14856357024765385,0.117522751301703,0.1268481229287306,0.3799952298174284,0.22257620280590634,0.20385271470049118,0.225432452164531,0.23836811785187154,0.22323328469401457,0.21364880808956843,0.18610498250853783,0.17010575419798585,0.10021066863800498,0.11961940103862008,0.10647141880873384,0.15661039570401622
0,Non-Crop,0.10408556538763211,0.19385701690728957,0.08957708321670382,0.10427993369058575,0.1552076696281248,0.07927498251870065,0.49681191447708223,0.1,0.1,0.14045720431146017,0.14451029685613676,0.15114431807657047,0.12191168461264626,0.1,0.1,0.1,0.1,0.1,0.1
0,Non-Crop,0.15880405841184655,0.22893130150860241,0.08552428610103552,0.1434070154075669,0.15961313881282618,0.1478156875636822,0.4995005006962394,0.1491208483064747,0.21057503620750478,0.15620550273233005,0.2069427317006981,0.19877367023131073,0.1881524581068398,0.17298407058948245,0.14156643780302203,0.1,0.11187366756665032,0.11049171218455384,0.12232276454103246
0,Non-Crop,0.24948311622638214,0.29180519622180034,0.12294199932542567,0.1688631968963747,0.15581427284406554,0.1090686146382252,0.40779840181839216,0.23634770905934782,0.3069781833066326,0.27574319266832503,0.3064291884913941,0.3095975181524282,0.26919117959349054,0.258298402178861,0.25015317689093797,0.19743757349474755,0.23399427953408025,0.1738449699986782,0.2529999288024302
0,Non-Crop,0.23302147984891025,0.17416263703756674,0.06036691354822368,0.11379572348934305,0.10027287445130158,0.08140003756121267,0.3294827532968855,0.21905303107509788,0.23421379264512107,0.2768765044835863,0.2751625027394331,0.2607916544407329,0.2659662021924535,0.2286135641025259,0.23861288018403112,0.19190880600183344,0.1771456856555378,0.19030611192426958,0.15762833913810925
0,Non-Crop,0.2123583418312612,0.18688545638449,0.0821770570248497,0.1047083993596403,0.13083817068597353,0.08627368681208765,0.49993126179126773,0.1962974938099763,0.269419884378772,0.24937428975608855,0.2133989514234142,0.2820245318360572,0.23615432175321188,0.18242618211668646,0.18848551068751201,0.18493829499796285,0.17156281927866573,0.20038042768140069,0.160025968301343
0,Non-Crop,0.17941972779572002,0.1567471706618262,0.05291908404944681,0.10382808661237938,0.16129248505227392,0.08033353823949871,0.44850743249109304,0.18172652360359676,0.23906100499185595,0.22771924938472268,0.21336405097185188,0.23183491510154228,0.2579838745045203,0.18726027280595,0.1777529813657999,0.14168325271739673,0.13605224387973144,0.1299084097518936,0.12378182076909916
0,Non-Crop,0.1895700227826141,0.2539698262790402,0.09684352787070936,0.1571262984083308,0.10977029676831483,0.09686413985835529,0.3162908429468801,0.21039217911310534,0.2266014584790223,0.28132645363791564,0.2632943201629682,0.239114901745452,0.23303662947047776,0.19257715970194075,0.14948077645640317,0.1778454295829681,0.1608733464379922,0.13680272475757788,0.15977172124272127
0,Non-Crop,0.10887091180233885,0.2975643201853353,0.13577670928664085,0.16178761089869445,0.16602727827621713,0.12349955002644215,0.31453840118375925,0.11083609210370272,0.1157275569596915,0.16012041102820046,0.15149682471072973,0.19094015134243378,0.12863732737012296,0.1,0.1137400750514829,0.1,0.1,0.1,0.10024378272283313
0,Non-Crop,0.22267696645906454,0.158213907916546,0.11991833749902954,0.03829557041751645,0.1439100805749311,0.12312903860658882,0.48549225604868534,0.2152920886267494,0.27846495006781413,0.2719216048972558,0.2643817254261432,0.25226016366823967,0.251131112572978,0.2101800301189618,0.2257153539081624,0.14867000061318345,0.17101018000914828,0.1869334236276663,0.1942423385827381
0,Non-Crop,0.20317782775632307,0.2650517541027632,0.0709927427279493,0.1940590113748139,0.14896238314101745,0.05892858989179359,0.4493499765030695,0.21427547385823675,0.2400811726366085,0.27163288955790227,0.2318288231417092,0.2914100439371782,0.25100718149953277,0.22451884507729444,0.22396684261981364,0.17169445563042057,0.17497426542664296,0.1586270420198516,0.1847171895913177
0,Non-Crop,0.23703438337589544,0.2522441247539665,0.11992389944355561,0.1323202253104109,0.1985481750571602,0.05751965542095792,0.3857185214190343,0.25016450503939996,0.23474021456106064,0.3082843153334197,0.2822807714819983,0.28740981815830285,0.2781291536467247,0.2559041446757726,0.19131553599237974,0.21567599022138428,0.19422095406016607,0.1763829419515663,0.18676402807845757
0,Non-Crop,0.12028530632422119,0.17866596571402182,0.09205485991200517,0.08661110580201666,0.15895842877533506,0.11038172189682716,0.3583952017331129,0.1,0.10418597486618814,0.18264419532401416,0.19536144357782742,0.13958946211828915,0.11430234906839448,0.1029657820634309,0.1,0.12072343848629787,0.1,0.1,0.1
0,Non-Crop,0.21469539914274605,0.1509774473537813,0.09770499377168822,0.05327245358209308,0.1793904400132691,0.11300447206413533,0.3948126248309015,0.22911863558442916,0.24379316913233326,0.28403986731593317,0.27060876117300925,0.25004785876564634,0.24622220155769495,0.2425244852921341,0.15731252643128077,0.1710946595885652,0.1934800412311233,0.15651181738771874,0.21034055407285465
0,Non-Crop,0.22037530507981604,0.19443228924775582,0.05968120565951432,0.1347510835882415,0.15202555846134272,0.10287946118037487,0.4594335544450747,0.25425031756411115,0.26148033779639845,0.2662128960886672,0.3069501535152425,0.2583469451709551,0.22840110457147203,0.2594183228990895,0.21492674981893364,0.210411227337285,0.18912608783160975,0.2052986167661976,0.17486786543378033
0,Non-Crop,0.12438794676446704,0.1744248218744194,0.13908649570357762,0.03533832617084179,0.10760340633086346,0.13015083727334759,0.3467141796093474,0.14136405591909604,0.14707077970313343,0.13926213173141638,0.18232609942735756,0.17829310529396503,0.14997725374193632,0.16878857291107657,0.1,0.1,0.1,0.1,0.1
0,Non-Crop,0.14123276374110993,0.2683516264582245,0.13545352003016795,0.13289810642805658,0.19206750962396305,0.06612124139183699,0.36078473672265327,0.134828903348417,0.1728589669702845,0.16608085557364682,0.15614375612649942,0.2100820271693466,0.16755304706947988,0.16325050308896752,0.11751073267365009,0.11424855598671577,0.1388800390351274,0.1,0.1
0,Non-Crop,0.16703412400848644,0.28657740148980093,0.09916387161140497,0.18741352987839596,0.15117949167011913,0.09167232811360007,0.457852599398257,0.13469108971968557,0.18046629806739675,0.2146572580756306,0.23765820672999002,0.24693828111241403,0.22539559298777112,0.15478248399738992,0.17209825646932778,0.1370196983855075,0.10506555770665184,0.1148496984057799,0.11756025454107237
0,Non-Crop,0.1783320519441587,0.24797036591723626,0.06714331411781883,0.18082705179941744,0.13716276184384021,0.14302394910430535,0.38847782342149134,0.18106615839930393,0.20122407567307415,0.22891692210220518,0.23609259219358436,0.23790259308497588,0.22289418405707023,0.1836166472007752,0.158021005575616,0.1405083397456229,0.14066095560327554,0.1528089466747046,0.13631756661150743
0,Non-Crop,0.1625413024406589,0.20635511616331254,0.08498513870303928,0.12136997746027325,0.13076922436530733,0.0710074956790078,0.3345821605981044,0.1758268065258014,0.190960335653563,0.16659336310469403,0.21408194452179777,0.21437127871361153,0.18589357932079756,0.16837958330551822,0.14880834356411904,0.1399931696279741,0.1,0.10970874793470899,0.1574310081232939
0,Non-Crop,0.20748236020349378,0.2940888431784269,0.06650373305200834,0.22758511012641852,0.19973824938253695,0.08921566552412288,0.4446400285453107,0.1974588895394772,0.28589985578533644,0.232854784940435,0.28909047715781633,0.2523074096140499,0.2158671823553889,0.1859243731742504,0.19204687201029125,0.1471720285304284,0.15269495829505866,0.12144565607896395,0.17929358915919144
0,Non-Crop,0.13369253746873028,0.15806626919230735,0.12792266510822553,0.030143604084081815,0.16410862839596585,0.0840739355711013,0.30949884493646446,0.13042439285410404,0.16128202790344093,0.17500269496979654,0.1989296258475469,0.20381819147903327,0.14733472022408445,0.1345619680162377,0.13418576506274418,0.1,0.1,0.1,0.10834244941162054
0,Non-Crop,0.12774995462529692,0.1845551495137224,0.07635638891855175,0.10819876059517065,0.12301834913340015,0.11585064471923961,0.32318670213150125,0.158762679390406,0.12378664262024316,0.16300337058980668,0.17434363930037824,0.18250608051988287,0.177440024142622,0.13161871304219738,0.1,0.10147124181606068,0.1,0.1,0.14428042785068598
0,Non-Crop,0.12066996580659861,0.2613564574308957,0.13798567688426544,0.12337078054663025,0.19441509092328174,0.05586189706135805,0.44798174231777654,0.1376604055464811,0.1273065893236025,0.16582046825132626,0.16010327704683414,0.19052345880697813,0.13706628295108433,0.12068849028386167,0.12204458517206071,0.1,0.1,0.1,0.1
0,Non-Crop,0.23417179371501637,0.17221317570602404,0.11357393575301872,0.05863923995300532,0.1890142643479888,0.14119685798632256,0.4586479399681137,0.24292128700344864,0.24921641470218453,0.2837712985392325,0.2800655507384038,0.2986191368372242,0.2780085918061964,0.24442414657255274,0.2006067673178629,0.20179146703942896,0.19014434189958887,0.1886122597233017,0.18937751617376777
0,Non-Crop,0.11610179367518647,0.1572017798413789,0.12849121544507291,0.028710564396305982,0.1384670624797434,0.06071125153151237,0.4525335632775284,0.12166950758160412,0.16231960709320187,0.16727624480042574,0.20242439965641715,0.183297276174447,0.15648860154842753,0.10263643242335668,0.1,0.1,0.1,0.1,0.1
